"abc","nome","email"
"055199836622288","01 - Lorem ipsum dolor sit amet","lorem@ipsum0.com.br"
"155199836622288","11 - Lorem ipsum dolor sit amet","lorem@ipsum1.com.br"
"255199836622288","21 - Lorem ipsum dolor sit amet","lorem@ipsum2.com.br"
"355199836622288","31 - Lorem ipsum dolor sit amet","lorem@ipsum3.com.br"
"455199836622288","41 - Lorem ipsum dolor sit amet","lorem@ipsum4.com.br"
"555199836622288","51 - Lorem ipsum dolor sit amet","lorem@ipsum5.com.br"
"655199836622288","61 - Lorem ipsum dolor sit amet","lorem@ipsum6.com.br"
"755199836622288","71 - Lorem ipsum dolor sit amet","lorem@ipsum7.com.br"
"855199836622288","81 - Lorem ipsum dolor sit amet","lorem@ipsum8.com.br"
"955199836622288","91 - Lorem ipsum dolor sit amet","lorem@ipsum9.com.br"
"1055199836622288","101 - Lorem ipsum dolor sit amet","lorem@ipsum10.com.br"
"1155199836622288","111 - Lorem ipsum dolor sit amet","lorem@ipsum11.com.br"
"1255199836622288","121 - Lorem ipsum dolor sit amet","lorem@ipsum12.com.br"
"1355199836622288","131 - Lorem ipsum dolor sit amet","lorem@ipsum13.com.br"
"1455199836622288","141 - Lorem ipsum dolor sit amet","lorem@ipsum14.com.br"
"1555199836622288","151 - Lorem ipsum dolor sit amet","lorem@ipsum15.com.br"
"1655199836622288","161 - Lorem ipsum dolor sit amet","lorem@ipsum16.com.br"
"1755199836622288","171 - Lorem ipsum dolor sit amet","lorem@ipsum17.com.br"
"1855199836622288","181 - Lorem ipsum dolor sit amet","lorem@ipsum18.com.br"
"1955199836622288","191 - Lorem ipsum dolor sit amet","lorem@ipsum19.com.br"
"2055199836622288","201 - Lorem ipsum dolor sit amet","lorem@ipsum20.com.br"
"2155199836622288","211 - Lorem ipsum dolor sit amet","lorem@ipsum21.com.br"
"2255199836622288","221 - Lorem ipsum dolor sit amet","lorem@ipsum22.com.br"
"2355199836622288","231 - Lorem ipsum dolor sit amet","lorem@ipsum23.com.br"
"2455199836622288","241 - Lorem ipsum dolor sit amet","lorem@ipsum24.com.br"
"2555199836622288","251 - Lorem ipsum dolor sit amet","lorem@ipsum25.com.br"
"2655199836622288","261 - Lorem ipsum dolor sit amet","lorem@ipsum26.com.br"
"2755199836622288","271 - Lorem ipsum dolor sit amet","lorem@ipsum27.com.br"
"2855199836622288","281 - Lorem ipsum dolor sit amet","lorem@ipsum28.com.br"
"2955199836622288","291 - Lorem ipsum dolor sit amet","lorem@ipsum29.com.br"
"3055199836622288","301 - Lorem ipsum dolor sit amet","lorem@ipsum30.com.br"
"3155199836622288","311 - Lorem ipsum dolor sit amet","lorem@ipsum31.com.br"
"3255199836622288","321 - Lorem ipsum dolor sit amet","lorem@ipsum32.com.br"
"3355199836622288","331 - Lorem ipsum dolor sit amet","lorem@ipsum33.com.br"
"3455199836622288","341 - Lorem ipsum dolor sit amet","lorem@ipsum34.com.br"
"3555199836622288","351 - Lorem ipsum dolor sit amet","lorem@ipsum35.com.br"
"3655199836622288","361 - Lorem ipsum dolor sit amet","lorem@ipsum36.com.br"
"3755199836622288","371 - Lorem ipsum dolor sit amet","lorem@ipsum37.com.br"
"3855199836622288","381 - Lorem ipsum dolor sit amet","lorem@ipsum38.com.br"
"3955199836622288","391 - Lorem ipsum dolor sit amet","lorem@ipsum39.com.br"
"4055199836622288","401 - Lorem ipsum dolor sit amet","lorem@ipsum40.com.br"
"4155199836622288","411 - Lorem ipsum dolor sit amet","lorem@ipsum41.com.br"
"4255199836622288","421 - Lorem ipsum dolor sit amet","lorem@ipsum42.com.br"
"4355199836622288","431 - Lorem ipsum dolor sit amet","lorem@ipsum43.com.br"
"4455199836622288","441 - Lorem ipsum dolor sit amet","lorem@ipsum44.com.br"
"4555199836622288","451 - Lorem ipsum dolor sit amet","lorem@ipsum45.com.br"
"4655199836622288","461 - Lorem ipsum dolor sit amet","lorem@ipsum46.com.br"
"4755199836622288","471 - Lorem ipsum dolor sit amet","lorem@ipsum47.com.br"
"4855199836622288","481 - Lorem ipsum dolor sit amet","lorem@ipsum48.com.br"
"4955199836622288","491 - Lorem ipsum dolor sit amet","lorem@ipsum49.com.br"
"5055199836622288","501 - Lorem ipsum dolor sit amet","lorem@ipsum50.com.br"
"5155199836622288","511 - Lorem ipsum dolor sit amet","lorem@ipsum51.com.br"
"5255199836622288","521 - Lorem ipsum dolor sit amet","lorem@ipsum52.com.br"
"5355199836622288","531 - Lorem ipsum dolor sit amet","lorem@ipsum53.com.br"
"5455199836622288","541 - Lorem ipsum dolor sit amet","lorem@ipsum54.com.br"
"5555199836622288","551 - Lorem ipsum dolor sit amet","lorem@ipsum55.com.br"
"5655199836622288","561 - Lorem ipsum dolor sit amet","lorem@ipsum56.com.br"
"5755199836622288","571 - Lorem ipsum dolor sit amet","lorem@ipsum57.com.br"
"5855199836622288","581 - Lorem ipsum dolor sit amet","lorem@ipsum58.com.br"
"5955199836622288","591 - Lorem ipsum dolor sit amet","lorem@ipsum59.com.br"
"6055199836622288","601 - Lorem ipsum dolor sit amet","lorem@ipsum60.com.br"
"6155199836622288","611 - Lorem ipsum dolor sit amet","lorem@ipsum61.com.br"
"6255199836622288","621 - Lorem ipsum dolor sit amet","lorem@ipsum62.com.br"
"6355199836622288","631 - Lorem ipsum dolor sit amet","lorem@ipsum63.com.br"
"6455199836622288","641 - Lorem ipsum dolor sit amet","lorem@ipsum64.com.br"
"6555199836622288","651 - Lorem ipsum dolor sit amet","lorem@ipsum65.com.br"
"6655199836622288","661 - Lorem ipsum dolor sit amet","lorem@ipsum66.com.br"
"6755199836622288","671 - Lorem ipsum dolor sit amet","lorem@ipsum67.com.br"
"6855199836622288","681 - Lorem ipsum dolor sit amet","lorem@ipsum68.com.br"
"6955199836622288","691 - Lorem ipsum dolor sit amet","lorem@ipsum69.com.br"
"7055199836622288","701 - Lorem ipsum dolor sit amet","lorem@ipsum70.com.br"
"7155199836622288","711 - Lorem ipsum dolor sit amet","lorem@ipsum71.com.br"
"7255199836622288","721 - Lorem ipsum dolor sit amet","lorem@ipsum72.com.br"
"7355199836622288","731 - Lorem ipsum dolor sit amet","lorem@ipsum73.com.br"
"7455199836622288","741 - Lorem ipsum dolor sit amet","lorem@ipsum74.com.br"
"7555199836622288","751 - Lorem ipsum dolor sit amet","lorem@ipsum75.com.br"
"7655199836622288","761 - Lorem ipsum dolor sit amet","lorem@ipsum76.com.br"
"7755199836622288","771 - Lorem ipsum dolor sit amet","lorem@ipsum77.com.br"
"7855199836622288","781 - Lorem ipsum dolor sit amet","lorem@ipsum78.com.br"
"7955199836622288","791 - Lorem ipsum dolor sit amet","lorem@ipsum79.com.br"
"8055199836622288","801 - Lorem ipsum dolor sit amet","lorem@ipsum80.com.br"
"8155199836622288","811 - Lorem ipsum dolor sit amet","lorem@ipsum81.com.br"
"8255199836622288","821 - Lorem ipsum dolor sit amet","lorem@ipsum82.com.br"
"8355199836622288","831 - Lorem ipsum dolor sit amet","lorem@ipsum83.com.br"
"8455199836622288","841 - Lorem ipsum dolor sit amet","lorem@ipsum84.com.br"
"8555199836622288","851 - Lorem ipsum dolor sit amet","lorem@ipsum85.com.br"
"8655199836622288","861 - Lorem ipsum dolor sit amet","lorem@ipsum86.com.br"
"8755199836622288","871 - Lorem ipsum dolor sit amet","lorem@ipsum87.com.br"
"8855199836622288","881 - Lorem ipsum dolor sit amet","lorem@ipsum88.com.br"
"8955199836622288","891 - Lorem ipsum dolor sit amet","lorem@ipsum89.com.br"
"9055199836622288","901 - Lorem ipsum dolor sit amet","lorem@ipsum90.com.br"
"9155199836622288","911 - Lorem ipsum dolor sit amet","lorem@ipsum91.com.br"
"9255199836622288","921 - Lorem ipsum dolor sit amet","lorem@ipsum92.com.br"
"9355199836622288","931 - Lorem ipsum dolor sit amet","lorem@ipsum93.com.br"
"9455199836622288","941 - Lorem ipsum dolor sit amet","lorem@ipsum94.com.br"
"9555199836622288","951 - Lorem ipsum dolor sit amet","lorem@ipsum95.com.br"
"9655199836622288","961 - Lorem ipsum dolor sit amet","lorem@ipsum96.com.br"
"9755199836622288","971 - Lorem ipsum dolor sit amet","lorem@ipsum97.com.br"
"9855199836622288","981 - Lorem ipsum dolor sit amet","lorem@ipsum98.com.br"
"9955199836622288","991 - Lorem ipsum dolor sit amet","lorem@ipsum99.com.br"
"10055199836622288","1001 - Lorem ipsum dolor sit amet","lorem@ipsum100.com.br"
"10155199836622288","1011 - Lorem ipsum dolor sit amet","lorem@ipsum101.com.br"
"10255199836622288","1021 - Lorem ipsum dolor sit amet","lorem@ipsum102.com.br"
"10355199836622288","1031 - Lorem ipsum dolor sit amet","lorem@ipsum103.com.br"
"10455199836622288","1041 - Lorem ipsum dolor sit amet","lorem@ipsum104.com.br"
"10555199836622288","1051 - Lorem ipsum dolor sit amet","lorem@ipsum105.com.br"
"10655199836622288","1061 - Lorem ipsum dolor sit amet","lorem@ipsum106.com.br"
"10755199836622288","1071 - Lorem ipsum dolor sit amet","lorem@ipsum107.com.br"
"10855199836622288","1081 - Lorem ipsum dolor sit amet","lorem@ipsum108.com.br"
"10955199836622288","1091 - Lorem ipsum dolor sit amet","lorem@ipsum109.com.br"
"11055199836622288","1101 - Lorem ipsum dolor sit amet","lorem@ipsum110.com.br"
"11155199836622288","1111 - Lorem ipsum dolor sit amet","lorem@ipsum111.com.br"
"11255199836622288","1121 - Lorem ipsum dolor sit amet","lorem@ipsum112.com.br"
"11355199836622288","1131 - Lorem ipsum dolor sit amet","lorem@ipsum113.com.br"
"11455199836622288","1141 - Lorem ipsum dolor sit amet","lorem@ipsum114.com.br"
"11555199836622288","1151 - Lorem ipsum dolor sit amet","lorem@ipsum115.com.br"
"11655199836622288","1161 - Lorem ipsum dolor sit amet","lorem@ipsum116.com.br"
"11755199836622288","1171 - Lorem ipsum dolor sit amet","lorem@ipsum117.com.br"
"11855199836622288","1181 - Lorem ipsum dolor sit amet","lorem@ipsum118.com.br"
"11955199836622288","1191 - Lorem ipsum dolor sit amet","lorem@ipsum119.com.br"
"12055199836622288","1201 - Lorem ipsum dolor sit amet","lorem@ipsum120.com.br"
"12155199836622288","1211 - Lorem ipsum dolor sit amet","lorem@ipsum121.com.br"
"12255199836622288","1221 - Lorem ipsum dolor sit amet","lorem@ipsum122.com.br"
"12355199836622288","1231 - Lorem ipsum dolor sit amet","lorem@ipsum123.com.br"
"12455199836622288","1241 - Lorem ipsum dolor sit amet","lorem@ipsum124.com.br"
"12555199836622288","1251 - Lorem ipsum dolor sit amet","lorem@ipsum125.com.br"
"12655199836622288","1261 - Lorem ipsum dolor sit amet","lorem@ipsum126.com.br"
"12755199836622288","1271 - Lorem ipsum dolor sit amet","lorem@ipsum127.com.br"
"12855199836622288","1281 - Lorem ipsum dolor sit amet","lorem@ipsum128.com.br"
"12955199836622288","1291 - Lorem ipsum dolor sit amet","lorem@ipsum129.com.br"
"13055199836622288","1301 - Lorem ipsum dolor sit amet","lorem@ipsum130.com.br"
"13155199836622288","1311 - Lorem ipsum dolor sit amet","lorem@ipsum131.com.br"
"13255199836622288","1321 - Lorem ipsum dolor sit amet","lorem@ipsum132.com.br"
"13355199836622288","1331 - Lorem ipsum dolor sit amet","lorem@ipsum133.com.br"
"13455199836622288","1341 - Lorem ipsum dolor sit amet","lorem@ipsum134.com.br"
"13555199836622288","1351 - Lorem ipsum dolor sit amet","lorem@ipsum135.com.br"
"13655199836622288","1361 - Lorem ipsum dolor sit amet","lorem@ipsum136.com.br"
"13755199836622288","1371 - Lorem ipsum dolor sit amet","lorem@ipsum137.com.br"
"13855199836622288","1381 - Lorem ipsum dolor sit amet","lorem@ipsum138.com.br"
"13955199836622288","1391 - Lorem ipsum dolor sit amet","lorem@ipsum139.com.br"
"14055199836622288","1401 - Lorem ipsum dolor sit amet","lorem@ipsum140.com.br"
"14155199836622288","1411 - Lorem ipsum dolor sit amet","lorem@ipsum141.com.br"
"14255199836622288","1421 - Lorem ipsum dolor sit amet","lorem@ipsum142.com.br"
"14355199836622288","1431 - Lorem ipsum dolor sit amet","lorem@ipsum143.com.br"
"14455199836622288","1441 - Lorem ipsum dolor sit amet","lorem@ipsum144.com.br"
"14555199836622288","1451 - Lorem ipsum dolor sit amet","lorem@ipsum145.com.br"
"14655199836622288","1461 - Lorem ipsum dolor sit amet","lorem@ipsum146.com.br"
"14755199836622288","1471 - Lorem ipsum dolor sit amet","lorem@ipsum147.com.br"
"14855199836622288","1481 - Lorem ipsum dolor sit amet","lorem@ipsum148.com.br"
"14955199836622288","1491 - Lorem ipsum dolor sit amet","lorem@ipsum149.com.br"
"15055199836622288","1501 - Lorem ipsum dolor sit amet","lorem@ipsum150.com.br"
"15155199836622288","1511 - Lorem ipsum dolor sit amet","lorem@ipsum151.com.br"
"15255199836622288","1521 - Lorem ipsum dolor sit amet","lorem@ipsum152.com.br"
"15355199836622288","1531 - Lorem ipsum dolor sit amet","lorem@ipsum153.com.br"
"15455199836622288","1541 - Lorem ipsum dolor sit amet","lorem@ipsum154.com.br"
"15555199836622288","1551 - Lorem ipsum dolor sit amet","lorem@ipsum155.com.br"
"15655199836622288","1561 - Lorem ipsum dolor sit amet","lorem@ipsum156.com.br"
"15755199836622288","1571 - Lorem ipsum dolor sit amet","lorem@ipsum157.com.br"
"15855199836622288","1581 - Lorem ipsum dolor sit amet","lorem@ipsum158.com.br"
"15955199836622288","1591 - Lorem ipsum dolor sit amet","lorem@ipsum159.com.br"
"16055199836622288","1601 - Lorem ipsum dolor sit amet","lorem@ipsum160.com.br"
"16155199836622288","1611 - Lorem ipsum dolor sit amet","lorem@ipsum161.com.br"
"16255199836622288","1621 - Lorem ipsum dolor sit amet","lorem@ipsum162.com.br"
"16355199836622288","1631 - Lorem ipsum dolor sit amet","lorem@ipsum163.com.br"
"16455199836622288","1641 - Lorem ipsum dolor sit amet","lorem@ipsum164.com.br"
"16555199836622288","1651 - Lorem ipsum dolor sit amet","lorem@ipsum165.com.br"
"16655199836622288","1661 - Lorem ipsum dolor sit amet","lorem@ipsum166.com.br"
"16755199836622288","1671 - Lorem ipsum dolor sit amet","lorem@ipsum167.com.br"
"16855199836622288","1681 - Lorem ipsum dolor sit amet","lorem@ipsum168.com.br"
"16955199836622288","1691 - Lorem ipsum dolor sit amet","lorem@ipsum169.com.br"
"17055199836622288","1701 - Lorem ipsum dolor sit amet","lorem@ipsum170.com.br"
"17155199836622288","1711 - Lorem ipsum dolor sit amet","lorem@ipsum171.com.br"
"17255199836622288","1721 - Lorem ipsum dolor sit amet","lorem@ipsum172.com.br"
"17355199836622288","1731 - Lorem ipsum dolor sit amet","lorem@ipsum173.com.br"
"17455199836622288","1741 - Lorem ipsum dolor sit amet","lorem@ipsum174.com.br"
"17555199836622288","1751 - Lorem ipsum dolor sit amet","lorem@ipsum175.com.br"
"17655199836622288","1761 - Lorem ipsum dolor sit amet","lorem@ipsum176.com.br"
"17755199836622288","1771 - Lorem ipsum dolor sit amet","lorem@ipsum177.com.br"
"17855199836622288","1781 - Lorem ipsum dolor sit amet","lorem@ipsum178.com.br"
"17955199836622288","1791 - Lorem ipsum dolor sit amet","lorem@ipsum179.com.br"
"18055199836622288","1801 - Lorem ipsum dolor sit amet","lorem@ipsum180.com.br"
"18155199836622288","1811 - Lorem ipsum dolor sit amet","lorem@ipsum181.com.br"
"18255199836622288","1821 - Lorem ipsum dolor sit amet","lorem@ipsum182.com.br"
"18355199836622288","1831 - Lorem ipsum dolor sit amet","lorem@ipsum183.com.br"
"18455199836622288","1841 - Lorem ipsum dolor sit amet","lorem@ipsum184.com.br"
"18555199836622288","1851 - Lorem ipsum dolor sit amet","lorem@ipsum185.com.br"
"18655199836622288","1861 - Lorem ipsum dolor sit amet","lorem@ipsum186.com.br"
"18755199836622288","1871 - Lorem ipsum dolor sit amet","lorem@ipsum187.com.br"
"18855199836622288","1881 - Lorem ipsum dolor sit amet","lorem@ipsum188.com.br"
"18955199836622288","1891 - Lorem ipsum dolor sit amet","lorem@ipsum189.com.br"
"19055199836622288","1901 - Lorem ipsum dolor sit amet","lorem@ipsum190.com.br"
"19155199836622288","1911 - Lorem ipsum dolor sit amet","lorem@ipsum191.com.br"
"19255199836622288","1921 - Lorem ipsum dolor sit amet","lorem@ipsum192.com.br"
"19355199836622288","1931 - Lorem ipsum dolor sit amet","lorem@ipsum193.com.br"
"19455199836622288","1941 - Lorem ipsum dolor sit amet","lorem@ipsum194.com.br"
"19555199836622288","1951 - Lorem ipsum dolor sit amet","lorem@ipsum195.com.br"
"19655199836622288","1961 - Lorem ipsum dolor sit amet","lorem@ipsum196.com.br"
"19755199836622288","1971 - Lorem ipsum dolor sit amet","lorem@ipsum197.com.br"
"19855199836622288","1981 - Lorem ipsum dolor sit amet","lorem@ipsum198.com.br"
"19955199836622288","1991 - Lorem ipsum dolor sit amet","lorem@ipsum199.com.br"
"20055199836622288","2001 - Lorem ipsum dolor sit amet","lorem@ipsum200.com.br"
"20155199836622288","2011 - Lorem ipsum dolor sit amet","lorem@ipsum201.com.br"
"20255199836622288","2021 - Lorem ipsum dolor sit amet","lorem@ipsum202.com.br"
"20355199836622288","2031 - Lorem ipsum dolor sit amet","lorem@ipsum203.com.br"
"20455199836622288","2041 - Lorem ipsum dolor sit amet","lorem@ipsum204.com.br"
"20555199836622288","2051 - Lorem ipsum dolor sit amet","lorem@ipsum205.com.br"
"20655199836622288","2061 - Lorem ipsum dolor sit amet","lorem@ipsum206.com.br"
"20755199836622288","2071 - Lorem ipsum dolor sit amet","lorem@ipsum207.com.br"
"20855199836622288","2081 - Lorem ipsum dolor sit amet","lorem@ipsum208.com.br"
"20955199836622288","2091 - Lorem ipsum dolor sit amet","lorem@ipsum209.com.br"
"21055199836622288","2101 - Lorem ipsum dolor sit amet","lorem@ipsum210.com.br"
"21155199836622288","2111 - Lorem ipsum dolor sit amet","lorem@ipsum211.com.br"
"21255199836622288","2121 - Lorem ipsum dolor sit amet","lorem@ipsum212.com.br"
"21355199836622288","2131 - Lorem ipsum dolor sit amet","lorem@ipsum213.com.br"
"21455199836622288","2141 - Lorem ipsum dolor sit amet","lorem@ipsum214.com.br"
"21555199836622288","2151 - Lorem ipsum dolor sit amet","lorem@ipsum215.com.br"
"21655199836622288","2161 - Lorem ipsum dolor sit amet","lorem@ipsum216.com.br"
"21755199836622288","2171 - Lorem ipsum dolor sit amet","lorem@ipsum217.com.br"
"21855199836622288","2181 - Lorem ipsum dolor sit amet","lorem@ipsum218.com.br"
"21955199836622288","2191 - Lorem ipsum dolor sit amet","lorem@ipsum219.com.br"
"22055199836622288","2201 - Lorem ipsum dolor sit amet","lorem@ipsum220.com.br"
"22155199836622288","2211 - Lorem ipsum dolor sit amet","lorem@ipsum221.com.br"
"22255199836622288","2221 - Lorem ipsum dolor sit amet","lorem@ipsum222.com.br"
"22355199836622288","2231 - Lorem ipsum dolor sit amet","lorem@ipsum223.com.br"
"22455199836622288","2241 - Lorem ipsum dolor sit amet","lorem@ipsum224.com.br"
"22555199836622288","2251 - Lorem ipsum dolor sit amet","lorem@ipsum225.com.br"
"22655199836622288","2261 - Lorem ipsum dolor sit amet","lorem@ipsum226.com.br"
"22755199836622288","2271 - Lorem ipsum dolor sit amet","lorem@ipsum227.com.br"
"22855199836622288","2281 - Lorem ipsum dolor sit amet","lorem@ipsum228.com.br"
"22955199836622288","2291 - Lorem ipsum dolor sit amet","lorem@ipsum229.com.br"
"23055199836622288","2301 - Lorem ipsum dolor sit amet","lorem@ipsum230.com.br"
"23155199836622288","2311 - Lorem ipsum dolor sit amet","lorem@ipsum231.com.br"
"23255199836622288","2321 - Lorem ipsum dolor sit amet","lorem@ipsum232.com.br"
"23355199836622288","2331 - Lorem ipsum dolor sit amet","lorem@ipsum233.com.br"
"23455199836622288","2341 - Lorem ipsum dolor sit amet","lorem@ipsum234.com.br"
"23555199836622288","2351 - Lorem ipsum dolor sit amet","lorem@ipsum235.com.br"
"23655199836622288","2361 - Lorem ipsum dolor sit amet","lorem@ipsum236.com.br"
"23755199836622288","2371 - Lorem ipsum dolor sit amet","lorem@ipsum237.com.br"
"23855199836622288","2381 - Lorem ipsum dolor sit amet","lorem@ipsum238.com.br"
"23955199836622288","2391 - Lorem ipsum dolor sit amet","lorem@ipsum239.com.br"
"24055199836622288","2401 - Lorem ipsum dolor sit amet","lorem@ipsum240.com.br"
"24155199836622288","2411 - Lorem ipsum dolor sit amet","lorem@ipsum241.com.br"
"24255199836622288","2421 - Lorem ipsum dolor sit amet","lorem@ipsum242.com.br"
"24355199836622288","2431 - Lorem ipsum dolor sit amet","lorem@ipsum243.com.br"
"24455199836622288","2441 - Lorem ipsum dolor sit amet","lorem@ipsum244.com.br"
"24555199836622288","2451 - Lorem ipsum dolor sit amet","lorem@ipsum245.com.br"
"24655199836622288","2461 - Lorem ipsum dolor sit amet","lorem@ipsum246.com.br"
"24755199836622288","2471 - Lorem ipsum dolor sit amet","lorem@ipsum247.com.br"
"24855199836622288","2481 - Lorem ipsum dolor sit amet","lorem@ipsum248.com.br"
"24955199836622288","2491 - Lorem ipsum dolor sit amet","lorem@ipsum249.com.br"
"25055199836622288","2501 - Lorem ipsum dolor sit amet","lorem@ipsum250.com.br"
"25155199836622288","2511 - Lorem ipsum dolor sit amet","lorem@ipsum251.com.br"
"25255199836622288","2521 - Lorem ipsum dolor sit amet","lorem@ipsum252.com.br"
"25355199836622288","2531 - Lorem ipsum dolor sit amet","lorem@ipsum253.com.br"
"25455199836622288","2541 - Lorem ipsum dolor sit amet","lorem@ipsum254.com.br"
"25555199836622288","2551 - Lorem ipsum dolor sit amet","lorem@ipsum255.com.br"
"25655199836622288","2561 - Lorem ipsum dolor sit amet","lorem@ipsum256.com.br"
"25755199836622288","2571 - Lorem ipsum dolor sit amet","lorem@ipsum257.com.br"
"25855199836622288","2581 - Lorem ipsum dolor sit amet","lorem@ipsum258.com.br"
"25955199836622288","2591 - Lorem ipsum dolor sit amet","lorem@ipsum259.com.br"
"26055199836622288","2601 - Lorem ipsum dolor sit amet","lorem@ipsum260.com.br"
"26155199836622288","2611 - Lorem ipsum dolor sit amet","lorem@ipsum261.com.br"
"26255199836622288","2621 - Lorem ipsum dolor sit amet","lorem@ipsum262.com.br"
"26355199836622288","2631 - Lorem ipsum dolor sit amet","lorem@ipsum263.com.br"
"26455199836622288","2641 - Lorem ipsum dolor sit amet","lorem@ipsum264.com.br"
"26555199836622288","2651 - Lorem ipsum dolor sit amet","lorem@ipsum265.com.br"
"26655199836622288","2661 - Lorem ipsum dolor sit amet","lorem@ipsum266.com.br"
"26755199836622288","2671 - Lorem ipsum dolor sit amet","lorem@ipsum267.com.br"
"26855199836622288","2681 - Lorem ipsum dolor sit amet","lorem@ipsum268.com.br"
"26955199836622288","2691 - Lorem ipsum dolor sit amet","lorem@ipsum269.com.br"
"27055199836622288","2701 - Lorem ipsum dolor sit amet","lorem@ipsum270.com.br"
"27155199836622288","2711 - Lorem ipsum dolor sit amet","lorem@ipsum271.com.br"
"27255199836622288","2721 - Lorem ipsum dolor sit amet","lorem@ipsum272.com.br"
"27355199836622288","2731 - Lorem ipsum dolor sit amet","lorem@ipsum273.com.br"
"27455199836622288","2741 - Lorem ipsum dolor sit amet","lorem@ipsum274.com.br"
"27555199836622288","2751 - Lorem ipsum dolor sit amet","lorem@ipsum275.com.br"
"27655199836622288","2761 - Lorem ipsum dolor sit amet","lorem@ipsum276.com.br"
"27755199836622288","2771 - Lorem ipsum dolor sit amet","lorem@ipsum277.com.br"
"27855199836622288","2781 - Lorem ipsum dolor sit amet","lorem@ipsum278.com.br"
"27955199836622288","2791 - Lorem ipsum dolor sit amet","lorem@ipsum279.com.br"
"28055199836622288","2801 - Lorem ipsum dolor sit amet","lorem@ipsum280.com.br"
"28155199836622288","2811 - Lorem ipsum dolor sit amet","lorem@ipsum281.com.br"
"28255199836622288","2821 - Lorem ipsum dolor sit amet","lorem@ipsum282.com.br"
"28355199836622288","2831 - Lorem ipsum dolor sit amet","lorem@ipsum283.com.br"
"28455199836622288","2841 - Lorem ipsum dolor sit amet","lorem@ipsum284.com.br"
"28555199836622288","2851 - Lorem ipsum dolor sit amet","lorem@ipsum285.com.br"
"28655199836622288","2861 - Lorem ipsum dolor sit amet","lorem@ipsum286.com.br"
"28755199836622288","2871 - Lorem ipsum dolor sit amet","lorem@ipsum287.com.br"
"28855199836622288","2881 - Lorem ipsum dolor sit amet","lorem@ipsum288.com.br"
"28955199836622288","2891 - Lorem ipsum dolor sit amet","lorem@ipsum289.com.br"
"29055199836622288","2901 - Lorem ipsum dolor sit amet","lorem@ipsum290.com.br"
"29155199836622288","2911 - Lorem ipsum dolor sit amet","lorem@ipsum291.com.br"
"29255199836622288","2921 - Lorem ipsum dolor sit amet","lorem@ipsum292.com.br"
"29355199836622288","2931 - Lorem ipsum dolor sit amet","lorem@ipsum293.com.br"
"29455199836622288","2941 - Lorem ipsum dolor sit amet","lorem@ipsum294.com.br"
"29555199836622288","2951 - Lorem ipsum dolor sit amet","lorem@ipsum295.com.br"
"29655199836622288","2961 - Lorem ipsum dolor sit amet","lorem@ipsum296.com.br"
"29755199836622288","2971 - Lorem ipsum dolor sit amet","lorem@ipsum297.com.br"
"29855199836622288","2981 - Lorem ipsum dolor sit amet","lorem@ipsum298.com.br"
"29955199836622288","2991 - Lorem ipsum dolor sit amet","lorem@ipsum299.com.br"
"30055199836622288","3001 - Lorem ipsum dolor sit amet","lorem@ipsum300.com.br"
"30155199836622288","3011 - Lorem ipsum dolor sit amet","lorem@ipsum301.com.br"
"30255199836622288","3021 - Lorem ipsum dolor sit amet","lorem@ipsum302.com.br"
"30355199836622288","3031 - Lorem ipsum dolor sit amet","lorem@ipsum303.com.br"
"30455199836622288","3041 - Lorem ipsum dolor sit amet","lorem@ipsum304.com.br"
"30555199836622288","3051 - Lorem ipsum dolor sit amet","lorem@ipsum305.com.br"
"30655199836622288","3061 - Lorem ipsum dolor sit amet","lorem@ipsum306.com.br"
"30755199836622288","3071 - Lorem ipsum dolor sit amet","lorem@ipsum307.com.br"
"30855199836622288","3081 - Lorem ipsum dolor sit amet","lorem@ipsum308.com.br"
"30955199836622288","3091 - Lorem ipsum dolor sit amet","lorem@ipsum309.com.br"
"31055199836622288","3101 - Lorem ipsum dolor sit amet","lorem@ipsum310.com.br"
"31155199836622288","3111 - Lorem ipsum dolor sit amet","lorem@ipsum311.com.br"
"31255199836622288","3121 - Lorem ipsum dolor sit amet","lorem@ipsum312.com.br"
"31355199836622288","3131 - Lorem ipsum dolor sit amet","lorem@ipsum313.com.br"
"31455199836622288","3141 - Lorem ipsum dolor sit amet","lorem@ipsum314.com.br"
"31555199836622288","3151 - Lorem ipsum dolor sit amet","lorem@ipsum315.com.br"
"31655199836622288","3161 - Lorem ipsum dolor sit amet","lorem@ipsum316.com.br"
"31755199836622288","3171 - Lorem ipsum dolor sit amet","lorem@ipsum317.com.br"
"31855199836622288","3181 - Lorem ipsum dolor sit amet","lorem@ipsum318.com.br"
"31955199836622288","3191 - Lorem ipsum dolor sit amet","lorem@ipsum319.com.br"
"32055199836622288","3201 - Lorem ipsum dolor sit amet","lorem@ipsum320.com.br"
"32155199836622288","3211 - Lorem ipsum dolor sit amet","lorem@ipsum321.com.br"
"32255199836622288","3221 - Lorem ipsum dolor sit amet","lorem@ipsum322.com.br"
"32355199836622288","3231 - Lorem ipsum dolor sit amet","lorem@ipsum323.com.br"
"32455199836622288","3241 - Lorem ipsum dolor sit amet","lorem@ipsum324.com.br"
"32555199836622288","3251 - Lorem ipsum dolor sit amet","lorem@ipsum325.com.br"
"32655199836622288","3261 - Lorem ipsum dolor sit amet","lorem@ipsum326.com.br"
"32755199836622288","3271 - Lorem ipsum dolor sit amet","lorem@ipsum327.com.br"
"32855199836622288","3281 - Lorem ipsum dolor sit amet","lorem@ipsum328.com.br"
"32955199836622288","3291 - Lorem ipsum dolor sit amet","lorem@ipsum329.com.br"
"33055199836622288","3301 - Lorem ipsum dolor sit amet","lorem@ipsum330.com.br"
"33155199836622288","3311 - Lorem ipsum dolor sit amet","lorem@ipsum331.com.br"
"33255199836622288","3321 - Lorem ipsum dolor sit amet","lorem@ipsum332.com.br"
"33355199836622288","3331 - Lorem ipsum dolor sit amet","lorem@ipsum333.com.br"
"33455199836622288","3341 - Lorem ipsum dolor sit amet","lorem@ipsum334.com.br"
"33555199836622288","3351 - Lorem ipsum dolor sit amet","lorem@ipsum335.com.br"
"33655199836622288","3361 - Lorem ipsum dolor sit amet","lorem@ipsum336.com.br"
"33755199836622288","3371 - Lorem ipsum dolor sit amet","lorem@ipsum337.com.br"
"33855199836622288","3381 - Lorem ipsum dolor sit amet","lorem@ipsum338.com.br"
"33955199836622288","3391 - Lorem ipsum dolor sit amet","lorem@ipsum339.com.br"
"34055199836622288","3401 - Lorem ipsum dolor sit amet","lorem@ipsum340.com.br"
"34155199836622288","3411 - Lorem ipsum dolor sit amet","lorem@ipsum341.com.br"
"34255199836622288","3421 - Lorem ipsum dolor sit amet","lorem@ipsum342.com.br"
"34355199836622288","3431 - Lorem ipsum dolor sit amet","lorem@ipsum343.com.br"
"34455199836622288","3441 - Lorem ipsum dolor sit amet","lorem@ipsum344.com.br"
"34555199836622288","3451 - Lorem ipsum dolor sit amet","lorem@ipsum345.com.br"
"34655199836622288","3461 - Lorem ipsum dolor sit amet","lorem@ipsum346.com.br"
"34755199836622288","3471 - Lorem ipsum dolor sit amet","lorem@ipsum347.com.br"
"34855199836622288","3481 - Lorem ipsum dolor sit amet","lorem@ipsum348.com.br"
"34955199836622288","3491 - Lorem ipsum dolor sit amet","lorem@ipsum349.com.br"
"35055199836622288","3501 - Lorem ipsum dolor sit amet","lorem@ipsum350.com.br"
"35155199836622288","3511 - Lorem ipsum dolor sit amet","lorem@ipsum351.com.br"
"35255199836622288","3521 - Lorem ipsum dolor sit amet","lorem@ipsum352.com.br"
"35355199836622288","3531 - Lorem ipsum dolor sit amet","lorem@ipsum353.com.br"
"35455199836622288","3541 - Lorem ipsum dolor sit amet","lorem@ipsum354.com.br"
"35555199836622288","3551 - Lorem ipsum dolor sit amet","lorem@ipsum355.com.br"
"35655199836622288","3561 - Lorem ipsum dolor sit amet","lorem@ipsum356.com.br"
"35755199836622288","3571 - Lorem ipsum dolor sit amet","lorem@ipsum357.com.br"
"35855199836622288","3581 - Lorem ipsum dolor sit amet","lorem@ipsum358.com.br"
"35955199836622288","3591 - Lorem ipsum dolor sit amet","lorem@ipsum359.com.br"
"36055199836622288","3601 - Lorem ipsum dolor sit amet","lorem@ipsum360.com.br"
"36155199836622288","3611 - Lorem ipsum dolor sit amet","lorem@ipsum361.com.br"
"36255199836622288","3621 - Lorem ipsum dolor sit amet","lorem@ipsum362.com.br"
"36355199836622288","3631 - Lorem ipsum dolor sit amet","lorem@ipsum363.com.br"
"36455199836622288","3641 - Lorem ipsum dolor sit amet","lorem@ipsum364.com.br"
"36555199836622288","3651 - Lorem ipsum dolor sit amet","lorem@ipsum365.com.br"
"36655199836622288","3661 - Lorem ipsum dolor sit amet","lorem@ipsum366.com.br"
"36755199836622288","3671 - Lorem ipsum dolor sit amet","lorem@ipsum367.com.br"
"36855199836622288","3681 - Lorem ipsum dolor sit amet","lorem@ipsum368.com.br"
"36955199836622288","3691 - Lorem ipsum dolor sit amet","lorem@ipsum369.com.br"
"37055199836622288","3701 - Lorem ipsum dolor sit amet","lorem@ipsum370.com.br"
"37155199836622288","3711 - Lorem ipsum dolor sit amet","lorem@ipsum371.com.br"
"37255199836622288","3721 - Lorem ipsum dolor sit amet","lorem@ipsum372.com.br"
"37355199836622288","3731 - Lorem ipsum dolor sit amet","lorem@ipsum373.com.br"
"37455199836622288","3741 - Lorem ipsum dolor sit amet","lorem@ipsum374.com.br"
"37555199836622288","3751 - Lorem ipsum dolor sit amet","lorem@ipsum375.com.br"
"37655199836622288","3761 - Lorem ipsum dolor sit amet","lorem@ipsum376.com.br"
"37755199836622288","3771 - Lorem ipsum dolor sit amet","lorem@ipsum377.com.br"
"37855199836622288","3781 - Lorem ipsum dolor sit amet","lorem@ipsum378.com.br"
"37955199836622288","3791 - Lorem ipsum dolor sit amet","lorem@ipsum379.com.br"
"38055199836622288","3801 - Lorem ipsum dolor sit amet","lorem@ipsum380.com.br"
"38155199836622288","3811 - Lorem ipsum dolor sit amet","lorem@ipsum381.com.br"
"38255199836622288","3821 - Lorem ipsum dolor sit amet","lorem@ipsum382.com.br"
"38355199836622288","3831 - Lorem ipsum dolor sit amet","lorem@ipsum383.com.br"
"38455199836622288","3841 - Lorem ipsum dolor sit amet","lorem@ipsum384.com.br"
"38555199836622288","3851 - Lorem ipsum dolor sit amet","lorem@ipsum385.com.br"
"38655199836622288","3861 - Lorem ipsum dolor sit amet","lorem@ipsum386.com.br"
"38755199836622288","3871 - Lorem ipsum dolor sit amet","lorem@ipsum387.com.br"
"38855199836622288","3881 - Lorem ipsum dolor sit amet","lorem@ipsum388.com.br"
"38955199836622288","3891 - Lorem ipsum dolor sit amet","lorem@ipsum389.com.br"
"39055199836622288","3901 - Lorem ipsum dolor sit amet","lorem@ipsum390.com.br"
"39155199836622288","3911 - Lorem ipsum dolor sit amet","lorem@ipsum391.com.br"
"39255199836622288","3921 - Lorem ipsum dolor sit amet","lorem@ipsum392.com.br"
"39355199836622288","3931 - Lorem ipsum dolor sit amet","lorem@ipsum393.com.br"
"39455199836622288","3941 - Lorem ipsum dolor sit amet","lorem@ipsum394.com.br"
"39555199836622288","3951 - Lorem ipsum dolor sit amet","lorem@ipsum395.com.br"
"39655199836622288","3961 - Lorem ipsum dolor sit amet","lorem@ipsum396.com.br"
"39755199836622288","3971 - Lorem ipsum dolor sit amet","lorem@ipsum397.com.br"
"39855199836622288","3981 - Lorem ipsum dolor sit amet","lorem@ipsum398.com.br"
"39955199836622288","3991 - Lorem ipsum dolor sit amet","lorem@ipsum399.com.br"
"40055199836622288","4001 - Lorem ipsum dolor sit amet","lorem@ipsum400.com.br"
"40155199836622288","4011 - Lorem ipsum dolor sit amet","lorem@ipsum401.com.br"
"40255199836622288","4021 - Lorem ipsum dolor sit amet","lorem@ipsum402.com.br"
"40355199836622288","4031 - Lorem ipsum dolor sit amet","lorem@ipsum403.com.br"
"40455199836622288","4041 - Lorem ipsum dolor sit amet","lorem@ipsum404.com.br"
"40555199836622288","4051 - Lorem ipsum dolor sit amet","lorem@ipsum405.com.br"
"40655199836622288","4061 - Lorem ipsum dolor sit amet","lorem@ipsum406.com.br"
"40755199836622288","4071 - Lorem ipsum dolor sit amet","lorem@ipsum407.com.br"
"40855199836622288","4081 - Lorem ipsum dolor sit amet","lorem@ipsum408.com.br"
"40955199836622288","4091 - Lorem ipsum dolor sit amet","lorem@ipsum409.com.br"
"41055199836622288","4101 - Lorem ipsum dolor sit amet","lorem@ipsum410.com.br"
"41155199836622288","4111 - Lorem ipsum dolor sit amet","lorem@ipsum411.com.br"
"41255199836622288","4121 - Lorem ipsum dolor sit amet","lorem@ipsum412.com.br"
"41355199836622288","4131 - Lorem ipsum dolor sit amet","lorem@ipsum413.com.br"
"41455199836622288","4141 - Lorem ipsum dolor sit amet","lorem@ipsum414.com.br"
"41555199836622288","4151 - Lorem ipsum dolor sit amet","lorem@ipsum415.com.br"
"41655199836622288","4161 - Lorem ipsum dolor sit amet","lorem@ipsum416.com.br"
"41755199836622288","4171 - Lorem ipsum dolor sit amet","lorem@ipsum417.com.br"
"41855199836622288","4181 - Lorem ipsum dolor sit amet","lorem@ipsum418.com.br"
"41955199836622288","4191 - Lorem ipsum dolor sit amet","lorem@ipsum419.com.br"
"42055199836622288","4201 - Lorem ipsum dolor sit amet","lorem@ipsum420.com.br"
"42155199836622288","4211 - Lorem ipsum dolor sit amet","lorem@ipsum421.com.br"
"42255199836622288","4221 - Lorem ipsum dolor sit amet","lorem@ipsum422.com.br"
"42355199836622288","4231 - Lorem ipsum dolor sit amet","lorem@ipsum423.com.br"
"42455199836622288","4241 - Lorem ipsum dolor sit amet","lorem@ipsum424.com.br"
"42555199836622288","4251 - Lorem ipsum dolor sit amet","lorem@ipsum425.com.br"
"42655199836622288","4261 - Lorem ipsum dolor sit amet","lorem@ipsum426.com.br"
"42755199836622288","4271 - Lorem ipsum dolor sit amet","lorem@ipsum427.com.br"
"42855199836622288","4281 - Lorem ipsum dolor sit amet","lorem@ipsum428.com.br"
"42955199836622288","4291 - Lorem ipsum dolor sit amet","lorem@ipsum429.com.br"
"43055199836622288","4301 - Lorem ipsum dolor sit amet","lorem@ipsum430.com.br"
"43155199836622288","4311 - Lorem ipsum dolor sit amet","lorem@ipsum431.com.br"
"43255199836622288","4321 - Lorem ipsum dolor sit amet","lorem@ipsum432.com.br"
"43355199836622288","4331 - Lorem ipsum dolor sit amet","lorem@ipsum433.com.br"
"43455199836622288","4341 - Lorem ipsum dolor sit amet","lorem@ipsum434.com.br"
"43555199836622288","4351 - Lorem ipsum dolor sit amet","lorem@ipsum435.com.br"
"43655199836622288","4361 - Lorem ipsum dolor sit amet","lorem@ipsum436.com.br"
"43755199836622288","4371 - Lorem ipsum dolor sit amet","lorem@ipsum437.com.br"
"43855199836622288","4381 - Lorem ipsum dolor sit amet","lorem@ipsum438.com.br"
"43955199836622288","4391 - Lorem ipsum dolor sit amet","lorem@ipsum439.com.br"
"44055199836622288","4401 - Lorem ipsum dolor sit amet","lorem@ipsum440.com.br"
"44155199836622288","4411 - Lorem ipsum dolor sit amet","lorem@ipsum441.com.br"
"44255199836622288","4421 - Lorem ipsum dolor sit amet","lorem@ipsum442.com.br"
"44355199836622288","4431 - Lorem ipsum dolor sit amet","lorem@ipsum443.com.br"
"44455199836622288","4441 - Lorem ipsum dolor sit amet","lorem@ipsum444.com.br"
"44555199836622288","4451 - Lorem ipsum dolor sit amet","lorem@ipsum445.com.br"
"44655199836622288","4461 - Lorem ipsum dolor sit amet","lorem@ipsum446.com.br"
"44755199836622288","4471 - Lorem ipsum dolor sit amet","lorem@ipsum447.com.br"
"44855199836622288","4481 - Lorem ipsum dolor sit amet","lorem@ipsum448.com.br"
"44955199836622288","4491 - Lorem ipsum dolor sit amet","lorem@ipsum449.com.br"
"45055199836622288","4501 - Lorem ipsum dolor sit amet","lorem@ipsum450.com.br"
"45155199836622288","4511 - Lorem ipsum dolor sit amet","lorem@ipsum451.com.br"
"45255199836622288","4521 - Lorem ipsum dolor sit amet","lorem@ipsum452.com.br"
"45355199836622288","4531 - Lorem ipsum dolor sit amet","lorem@ipsum453.com.br"
"45455199836622288","4541 - Lorem ipsum dolor sit amet","lorem@ipsum454.com.br"
"45555199836622288","4551 - Lorem ipsum dolor sit amet","lorem@ipsum455.com.br"
"45655199836622288","4561 - Lorem ipsum dolor sit amet","lorem@ipsum456.com.br"
"45755199836622288","4571 - Lorem ipsum dolor sit amet","lorem@ipsum457.com.br"
"45855199836622288","4581 - Lorem ipsum dolor sit amet","lorem@ipsum458.com.br"
"45955199836622288","4591 - Lorem ipsum dolor sit amet","lorem@ipsum459.com.br"
"46055199836622288","4601 - Lorem ipsum dolor sit amet","lorem@ipsum460.com.br"
"46155199836622288","4611 - Lorem ipsum dolor sit amet","lorem@ipsum461.com.br"
"46255199836622288","4621 - Lorem ipsum dolor sit amet","lorem@ipsum462.com.br"
"46355199836622288","4631 - Lorem ipsum dolor sit amet","lorem@ipsum463.com.br"
"46455199836622288","4641 - Lorem ipsum dolor sit amet","lorem@ipsum464.com.br"
"46555199836622288","4651 - Lorem ipsum dolor sit amet","lorem@ipsum465.com.br"
"46655199836622288","4661 - Lorem ipsum dolor sit amet","lorem@ipsum466.com.br"
"46755199836622288","4671 - Lorem ipsum dolor sit amet","lorem@ipsum467.com.br"
"46855199836622288","4681 - Lorem ipsum dolor sit amet","lorem@ipsum468.com.br"
"46955199836622288","4691 - Lorem ipsum dolor sit amet","lorem@ipsum469.com.br"
"47055199836622288","4701 - Lorem ipsum dolor sit amet","lorem@ipsum470.com.br"
"47155199836622288","4711 - Lorem ipsum dolor sit amet","lorem@ipsum471.com.br"
"47255199836622288","4721 - Lorem ipsum dolor sit amet","lorem@ipsum472.com.br"
"47355199836622288","4731 - Lorem ipsum dolor sit amet","lorem@ipsum473.com.br"
"47455199836622288","4741 - Lorem ipsum dolor sit amet","lorem@ipsum474.com.br"
"47555199836622288","4751 - Lorem ipsum dolor sit amet","lorem@ipsum475.com.br"
"47655199836622288","4761 - Lorem ipsum dolor sit amet","lorem@ipsum476.com.br"
"47755199836622288","4771 - Lorem ipsum dolor sit amet","lorem@ipsum477.com.br"
"47855199836622288","4781 - Lorem ipsum dolor sit amet","lorem@ipsum478.com.br"
"47955199836622288","4791 - Lorem ipsum dolor sit amet","lorem@ipsum479.com.br"
"48055199836622288","4801 - Lorem ipsum dolor sit amet","lorem@ipsum480.com.br"
"48155199836622288","4811 - Lorem ipsum dolor sit amet","lorem@ipsum481.com.br"
"48255199836622288","4821 - Lorem ipsum dolor sit amet","lorem@ipsum482.com.br"
"48355199836622288","4831 - Lorem ipsum dolor sit amet","lorem@ipsum483.com.br"
"48455199836622288","4841 - Lorem ipsum dolor sit amet","lorem@ipsum484.com.br"
"48555199836622288","4851 - Lorem ipsum dolor sit amet","lorem@ipsum485.com.br"
"48655199836622288","4861 - Lorem ipsum dolor sit amet","lorem@ipsum486.com.br"
"48755199836622288","4871 - Lorem ipsum dolor sit amet","lorem@ipsum487.com.br"
"48855199836622288","4881 - Lorem ipsum dolor sit amet","lorem@ipsum488.com.br"
"48955199836622288","4891 - Lorem ipsum dolor sit amet","lorem@ipsum489.com.br"
"49055199836622288","4901 - Lorem ipsum dolor sit amet","lorem@ipsum490.com.br"
"49155199836622288","4911 - Lorem ipsum dolor sit amet","lorem@ipsum491.com.br"
"49255199836622288","4921 - Lorem ipsum dolor sit amet","lorem@ipsum492.com.br"
"49355199836622288","4931 - Lorem ipsum dolor sit amet","lorem@ipsum493.com.br"
"49455199836622288","4941 - Lorem ipsum dolor sit amet","lorem@ipsum494.com.br"
"49555199836622288","4951 - Lorem ipsum dolor sit amet","lorem@ipsum495.com.br"
"49655199836622288","4961 - Lorem ipsum dolor sit amet","lorem@ipsum496.com.br"
"49755199836622288","4971 - Lorem ipsum dolor sit amet","lorem@ipsum497.com.br"
"49855199836622288","4981 - Lorem ipsum dolor sit amet","lorem@ipsum498.com.br"
"49955199836622288","4991 - Lorem ipsum dolor sit amet","lorem@ipsum499.com.br"
"50055199836622288","5001 - Lorem ipsum dolor sit amet","lorem@ipsum500.com.br"
"50155199836622288","5011 - Lorem ipsum dolor sit amet","lorem@ipsum501.com.br"
"50255199836622288","5021 - Lorem ipsum dolor sit amet","lorem@ipsum502.com.br"
"50355199836622288","5031 - Lorem ipsum dolor sit amet","lorem@ipsum503.com.br"
"50455199836622288","5041 - Lorem ipsum dolor sit amet","lorem@ipsum504.com.br"
"50555199836622288","5051 - Lorem ipsum dolor sit amet","lorem@ipsum505.com.br"
"50655199836622288","5061 - Lorem ipsum dolor sit amet","lorem@ipsum506.com.br"
"50755199836622288","5071 - Lorem ipsum dolor sit amet","lorem@ipsum507.com.br"
"50855199836622288","5081 - Lorem ipsum dolor sit amet","lorem@ipsum508.com.br"
"50955199836622288","5091 - Lorem ipsum dolor sit amet","lorem@ipsum509.com.br"
"51055199836622288","5101 - Lorem ipsum dolor sit amet","lorem@ipsum510.com.br"
"51155199836622288","5111 - Lorem ipsum dolor sit amet","lorem@ipsum511.com.br"
"51255199836622288","5121 - Lorem ipsum dolor sit amet","lorem@ipsum512.com.br"
"51355199836622288","5131 - Lorem ipsum dolor sit amet","lorem@ipsum513.com.br"
"51455199836622288","5141 - Lorem ipsum dolor sit amet","lorem@ipsum514.com.br"
"51555199836622288","5151 - Lorem ipsum dolor sit amet","lorem@ipsum515.com.br"
"51655199836622288","5161 - Lorem ipsum dolor sit amet","lorem@ipsum516.com.br"
"51755199836622288","5171 - Lorem ipsum dolor sit amet","lorem@ipsum517.com.br"
"51855199836622288","5181 - Lorem ipsum dolor sit amet","lorem@ipsum518.com.br"
"51955199836622288","5191 - Lorem ipsum dolor sit amet","lorem@ipsum519.com.br"
"52055199836622288","5201 - Lorem ipsum dolor sit amet","lorem@ipsum520.com.br"
"52155199836622288","5211 - Lorem ipsum dolor sit amet","lorem@ipsum521.com.br"
"52255199836622288","5221 - Lorem ipsum dolor sit amet","lorem@ipsum522.com.br"
"52355199836622288","5231 - Lorem ipsum dolor sit amet","lorem@ipsum523.com.br"
"52455199836622288","5241 - Lorem ipsum dolor sit amet","lorem@ipsum524.com.br"
"52555199836622288","5251 - Lorem ipsum dolor sit amet","lorem@ipsum525.com.br"
"52655199836622288","5261 - Lorem ipsum dolor sit amet","lorem@ipsum526.com.br"
"52755199836622288","5271 - Lorem ipsum dolor sit amet","lorem@ipsum527.com.br"
"52855199836622288","5281 - Lorem ipsum dolor sit amet","lorem@ipsum528.com.br"
"52955199836622288","5291 - Lorem ipsum dolor sit amet","lorem@ipsum529.com.br"
"53055199836622288","5301 - Lorem ipsum dolor sit amet","lorem@ipsum530.com.br"
"53155199836622288","5311 - Lorem ipsum dolor sit amet","lorem@ipsum531.com.br"
"53255199836622288","5321 - Lorem ipsum dolor sit amet","lorem@ipsum532.com.br"
"53355199836622288","5331 - Lorem ipsum dolor sit amet","lorem@ipsum533.com.br"
"53455199836622288","5341 - Lorem ipsum dolor sit amet","lorem@ipsum534.com.br"
"53555199836622288","5351 - Lorem ipsum dolor sit amet","lorem@ipsum535.com.br"
"53655199836622288","5361 - Lorem ipsum dolor sit amet","lorem@ipsum536.com.br"
"53755199836622288","5371 - Lorem ipsum dolor sit amet","lorem@ipsum537.com.br"
"53855199836622288","5381 - Lorem ipsum dolor sit amet","lorem@ipsum538.com.br"
"53955199836622288","5391 - Lorem ipsum dolor sit amet","lorem@ipsum539.com.br"
"54055199836622288","5401 - Lorem ipsum dolor sit amet","lorem@ipsum540.com.br"
"54155199836622288","5411 - Lorem ipsum dolor sit amet","lorem@ipsum541.com.br"
"54255199836622288","5421 - Lorem ipsum dolor sit amet","lorem@ipsum542.com.br"
"54355199836622288","5431 - Lorem ipsum dolor sit amet","lorem@ipsum543.com.br"
"54455199836622288","5441 - Lorem ipsum dolor sit amet","lorem@ipsum544.com.br"
"54555199836622288","5451 - Lorem ipsum dolor sit amet","lorem@ipsum545.com.br"
"54655199836622288","5461 - Lorem ipsum dolor sit amet","lorem@ipsum546.com.br"
"54755199836622288","5471 - Lorem ipsum dolor sit amet","lorem@ipsum547.com.br"
"54855199836622288","5481 - Lorem ipsum dolor sit amet","lorem@ipsum548.com.br"
"54955199836622288","5491 - Lorem ipsum dolor sit amet","lorem@ipsum549.com.br"
"55055199836622288","5501 - Lorem ipsum dolor sit amet","lorem@ipsum550.com.br"
"55155199836622288","5511 - Lorem ipsum dolor sit amet","lorem@ipsum551.com.br"
"55255199836622288","5521 - Lorem ipsum dolor sit amet","lorem@ipsum552.com.br"
"55355199836622288","5531 - Lorem ipsum dolor sit amet","lorem@ipsum553.com.br"
"55455199836622288","5541 - Lorem ipsum dolor sit amet","lorem@ipsum554.com.br"
"55555199836622288","5551 - Lorem ipsum dolor sit amet","lorem@ipsum555.com.br"
"55655199836622288","5561 - Lorem ipsum dolor sit amet","lorem@ipsum556.com.br"
"55755199836622288","5571 - Lorem ipsum dolor sit amet","lorem@ipsum557.com.br"
"55855199836622288","5581 - Lorem ipsum dolor sit amet","lorem@ipsum558.com.br"
"55955199836622288","5591 - Lorem ipsum dolor sit amet","lorem@ipsum559.com.br"
"56055199836622288","5601 - Lorem ipsum dolor sit amet","lorem@ipsum560.com.br"
"56155199836622288","5611 - Lorem ipsum dolor sit amet","lorem@ipsum561.com.br"
"56255199836622288","5621 - Lorem ipsum dolor sit amet","lorem@ipsum562.com.br"
"56355199836622288","5631 - Lorem ipsum dolor sit amet","lorem@ipsum563.com.br"
"56455199836622288","5641 - Lorem ipsum dolor sit amet","lorem@ipsum564.com.br"
"56555199836622288","5651 - Lorem ipsum dolor sit amet","lorem@ipsum565.com.br"
"56655199836622288","5661 - Lorem ipsum dolor sit amet","lorem@ipsum566.com.br"
"56755199836622288","5671 - Lorem ipsum dolor sit amet","lorem@ipsum567.com.br"
"56855199836622288","5681 - Lorem ipsum dolor sit amet","lorem@ipsum568.com.br"
"56955199836622288","5691 - Lorem ipsum dolor sit amet","lorem@ipsum569.com.br"
"57055199836622288","5701 - Lorem ipsum dolor sit amet","lorem@ipsum570.com.br"
"57155199836622288","5711 - Lorem ipsum dolor sit amet","lorem@ipsum571.com.br"
"57255199836622288","5721 - Lorem ipsum dolor sit amet","lorem@ipsum572.com.br"
"57355199836622288","5731 - Lorem ipsum dolor sit amet","lorem@ipsum573.com.br"
"57455199836622288","5741 - Lorem ipsum dolor sit amet","lorem@ipsum574.com.br"
"57555199836622288","5751 - Lorem ipsum dolor sit amet","lorem@ipsum575.com.br"
"57655199836622288","5761 - Lorem ipsum dolor sit amet","lorem@ipsum576.com.br"
"57755199836622288","5771 - Lorem ipsum dolor sit amet","lorem@ipsum577.com.br"
"57855199836622288","5781 - Lorem ipsum dolor sit amet","lorem@ipsum578.com.br"
"57955199836622288","5791 - Lorem ipsum dolor sit amet","lorem@ipsum579.com.br"
"58055199836622288","5801 - Lorem ipsum dolor sit amet","lorem@ipsum580.com.br"
"58155199836622288","5811 - Lorem ipsum dolor sit amet","lorem@ipsum581.com.br"
"58255199836622288","5821 - Lorem ipsum dolor sit amet","lorem@ipsum582.com.br"
"58355199836622288","5831 - Lorem ipsum dolor sit amet","lorem@ipsum583.com.br"
"58455199836622288","5841 - Lorem ipsum dolor sit amet","lorem@ipsum584.com.br"
"58555199836622288","5851 - Lorem ipsum dolor sit amet","lorem@ipsum585.com.br"
"58655199836622288","5861 - Lorem ipsum dolor sit amet","lorem@ipsum586.com.br"
"58755199836622288","5871 - Lorem ipsum dolor sit amet","lorem@ipsum587.com.br"
"58855199836622288","5881 - Lorem ipsum dolor sit amet","lorem@ipsum588.com.br"
"58955199836622288","5891 - Lorem ipsum dolor sit amet","lorem@ipsum589.com.br"
"59055199836622288","5901 - Lorem ipsum dolor sit amet","lorem@ipsum590.com.br"
"59155199836622288","5911 - Lorem ipsum dolor sit amet","lorem@ipsum591.com.br"
"59255199836622288","5921 - Lorem ipsum dolor sit amet","lorem@ipsum592.com.br"
"59355199836622288","5931 - Lorem ipsum dolor sit amet","lorem@ipsum593.com.br"
"59455199836622288","5941 - Lorem ipsum dolor sit amet","lorem@ipsum594.com.br"
"59555199836622288","5951 - Lorem ipsum dolor sit amet","lorem@ipsum595.com.br"
"59655199836622288","5961 - Lorem ipsum dolor sit amet","lorem@ipsum596.com.br"
"59755199836622288","5971 - Lorem ipsum dolor sit amet","lorem@ipsum597.com.br"
"59855199836622288","5981 - Lorem ipsum dolor sit amet","lorem@ipsum598.com.br"
"59955199836622288","5991 - Lorem ipsum dolor sit amet","lorem@ipsum599.com.br"
"60055199836622288","6001 - Lorem ipsum dolor sit amet","lorem@ipsum600.com.br"
"60155199836622288","6011 - Lorem ipsum dolor sit amet","lorem@ipsum601.com.br"
"60255199836622288","6021 - Lorem ipsum dolor sit amet","lorem@ipsum602.com.br"
"60355199836622288","6031 - Lorem ipsum dolor sit amet","lorem@ipsum603.com.br"
"60455199836622288","6041 - Lorem ipsum dolor sit amet","lorem@ipsum604.com.br"
"60555199836622288","6051 - Lorem ipsum dolor sit amet","lorem@ipsum605.com.br"
"60655199836622288","6061 - Lorem ipsum dolor sit amet","lorem@ipsum606.com.br"
"60755199836622288","6071 - Lorem ipsum dolor sit amet","lorem@ipsum607.com.br"
"60855199836622288","6081 - Lorem ipsum dolor sit amet","lorem@ipsum608.com.br"
"60955199836622288","6091 - Lorem ipsum dolor sit amet","lorem@ipsum609.com.br"
"61055199836622288","6101 - Lorem ipsum dolor sit amet","lorem@ipsum610.com.br"
"61155199836622288","6111 - Lorem ipsum dolor sit amet","lorem@ipsum611.com.br"
"61255199836622288","6121 - Lorem ipsum dolor sit amet","lorem@ipsum612.com.br"
"61355199836622288","6131 - Lorem ipsum dolor sit amet","lorem@ipsum613.com.br"
"61455199836622288","6141 - Lorem ipsum dolor sit amet","lorem@ipsum614.com.br"
"61555199836622288","6151 - Lorem ipsum dolor sit amet","lorem@ipsum615.com.br"
"61655199836622288","6161 - Lorem ipsum dolor sit amet","lorem@ipsum616.com.br"
"61755199836622288","6171 - Lorem ipsum dolor sit amet","lorem@ipsum617.com.br"
"61855199836622288","6181 - Lorem ipsum dolor sit amet","lorem@ipsum618.com.br"
"61955199836622288","6191 - Lorem ipsum dolor sit amet","lorem@ipsum619.com.br"
"62055199836622288","6201 - Lorem ipsum dolor sit amet","lorem@ipsum620.com.br"
"62155199836622288","6211 - Lorem ipsum dolor sit amet","lorem@ipsum621.com.br"
"62255199836622288","6221 - Lorem ipsum dolor sit amet","lorem@ipsum622.com.br"
"62355199836622288","6231 - Lorem ipsum dolor sit amet","lorem@ipsum623.com.br"
"62455199836622288","6241 - Lorem ipsum dolor sit amet","lorem@ipsum624.com.br"
"62555199836622288","6251 - Lorem ipsum dolor sit amet","lorem@ipsum625.com.br"
"62655199836622288","6261 - Lorem ipsum dolor sit amet","lorem@ipsum626.com.br"
"62755199836622288","6271 - Lorem ipsum dolor sit amet","lorem@ipsum627.com.br"
"62855199836622288","6281 - Lorem ipsum dolor sit amet","lorem@ipsum628.com.br"
"62955199836622288","6291 - Lorem ipsum dolor sit amet","lorem@ipsum629.com.br"
"63055199836622288","6301 - Lorem ipsum dolor sit amet","lorem@ipsum630.com.br"
"63155199836622288","6311 - Lorem ipsum dolor sit amet","lorem@ipsum631.com.br"
"63255199836622288","6321 - Lorem ipsum dolor sit amet","lorem@ipsum632.com.br"
"63355199836622288","6331 - Lorem ipsum dolor sit amet","lorem@ipsum633.com.br"
"63455199836622288","6341 - Lorem ipsum dolor sit amet","lorem@ipsum634.com.br"
"63555199836622288","6351 - Lorem ipsum dolor sit amet","lorem@ipsum635.com.br"
"63655199836622288","6361 - Lorem ipsum dolor sit amet","lorem@ipsum636.com.br"
"63755199836622288","6371 - Lorem ipsum dolor sit amet","lorem@ipsum637.com.br"
"63855199836622288","6381 - Lorem ipsum dolor sit amet","lorem@ipsum638.com.br"
"63955199836622288","6391 - Lorem ipsum dolor sit amet","lorem@ipsum639.com.br"
"64055199836622288","6401 - Lorem ipsum dolor sit amet","lorem@ipsum640.com.br"
"64155199836622288","6411 - Lorem ipsum dolor sit amet","lorem@ipsum641.com.br"
"64255199836622288","6421 - Lorem ipsum dolor sit amet","lorem@ipsum642.com.br"
"64355199836622288","6431 - Lorem ipsum dolor sit amet","lorem@ipsum643.com.br"
"64455199836622288","6441 - Lorem ipsum dolor sit amet","lorem@ipsum644.com.br"
"64555199836622288","6451 - Lorem ipsum dolor sit amet","lorem@ipsum645.com.br"
"64655199836622288","6461 - Lorem ipsum dolor sit amet","lorem@ipsum646.com.br"
"64755199836622288","6471 - Lorem ipsum dolor sit amet","lorem@ipsum647.com.br"
"64855199836622288","6481 - Lorem ipsum dolor sit amet","lorem@ipsum648.com.br"
"64955199836622288","6491 - Lorem ipsum dolor sit amet","lorem@ipsum649.com.br"
"65055199836622288","6501 - Lorem ipsum dolor sit amet","lorem@ipsum650.com.br"
"65155199836622288","6511 - Lorem ipsum dolor sit amet","lorem@ipsum651.com.br"
"65255199836622288","6521 - Lorem ipsum dolor sit amet","lorem@ipsum652.com.br"
"65355199836622288","6531 - Lorem ipsum dolor sit amet","lorem@ipsum653.com.br"
"65455199836622288","6541 - Lorem ipsum dolor sit amet","lorem@ipsum654.com.br"
"65555199836622288","6551 - Lorem ipsum dolor sit amet","lorem@ipsum655.com.br"
"65655199836622288","6561 - Lorem ipsum dolor sit amet","lorem@ipsum656.com.br"
"65755199836622288","6571 - Lorem ipsum dolor sit amet","lorem@ipsum657.com.br"
"65855199836622288","6581 - Lorem ipsum dolor sit amet","lorem@ipsum658.com.br"
"65955199836622288","6591 - Lorem ipsum dolor sit amet","lorem@ipsum659.com.br"
"66055199836622288","6601 - Lorem ipsum dolor sit amet","lorem@ipsum660.com.br"
"66155199836622288","6611 - Lorem ipsum dolor sit amet","lorem@ipsum661.com.br"
"66255199836622288","6621 - Lorem ipsum dolor sit amet","lorem@ipsum662.com.br"
"66355199836622288","6631 - Lorem ipsum dolor sit amet","lorem@ipsum663.com.br"
"66455199836622288","6641 - Lorem ipsum dolor sit amet","lorem@ipsum664.com.br"
"66555199836622288","6651 - Lorem ipsum dolor sit amet","lorem@ipsum665.com.br"
"66655199836622288","6661 - Lorem ipsum dolor sit amet","lorem@ipsum666.com.br"
"66755199836622288","6671 - Lorem ipsum dolor sit amet","lorem@ipsum667.com.br"
"66855199836622288","6681 - Lorem ipsum dolor sit amet","lorem@ipsum668.com.br"
"66955199836622288","6691 - Lorem ipsum dolor sit amet","lorem@ipsum669.com.br"
"67055199836622288","6701 - Lorem ipsum dolor sit amet","lorem@ipsum670.com.br"
"67155199836622288","6711 - Lorem ipsum dolor sit amet","lorem@ipsum671.com.br"
"67255199836622288","6721 - Lorem ipsum dolor sit amet","lorem@ipsum672.com.br"
"67355199836622288","6731 - Lorem ipsum dolor sit amet","lorem@ipsum673.com.br"
"67455199836622288","6741 - Lorem ipsum dolor sit amet","lorem@ipsum674.com.br"
"67555199836622288","6751 - Lorem ipsum dolor sit amet","lorem@ipsum675.com.br"
"67655199836622288","6761 - Lorem ipsum dolor sit amet","lorem@ipsum676.com.br"
"67755199836622288","6771 - Lorem ipsum dolor sit amet","lorem@ipsum677.com.br"
"67855199836622288","6781 - Lorem ipsum dolor sit amet","lorem@ipsum678.com.br"
"67955199836622288","6791 - Lorem ipsum dolor sit amet","lorem@ipsum679.com.br"
"68055199836622288","6801 - Lorem ipsum dolor sit amet","lorem@ipsum680.com.br"
"68155199836622288","6811 - Lorem ipsum dolor sit amet","lorem@ipsum681.com.br"
"68255199836622288","6821 - Lorem ipsum dolor sit amet","lorem@ipsum682.com.br"
"68355199836622288","6831 - Lorem ipsum dolor sit amet","lorem@ipsum683.com.br"
"68455199836622288","6841 - Lorem ipsum dolor sit amet","lorem@ipsum684.com.br"
"68555199836622288","6851 - Lorem ipsum dolor sit amet","lorem@ipsum685.com.br"
"68655199836622288","6861 - Lorem ipsum dolor sit amet","lorem@ipsum686.com.br"
"68755199836622288","6871 - Lorem ipsum dolor sit amet","lorem@ipsum687.com.br"
"68855199836622288","6881 - Lorem ipsum dolor sit amet","lorem@ipsum688.com.br"
"68955199836622288","6891 - Lorem ipsum dolor sit amet","lorem@ipsum689.com.br"
"69055199836622288","6901 - Lorem ipsum dolor sit amet","lorem@ipsum690.com.br"
"69155199836622288","6911 - Lorem ipsum dolor sit amet","lorem@ipsum691.com.br"
"69255199836622288","6921 - Lorem ipsum dolor sit amet","lorem@ipsum692.com.br"
"69355199836622288","6931 - Lorem ipsum dolor sit amet","lorem@ipsum693.com.br"
"69455199836622288","6941 - Lorem ipsum dolor sit amet","lorem@ipsum694.com.br"
"69555199836622288","6951 - Lorem ipsum dolor sit amet","lorem@ipsum695.com.br"
"69655199836622288","6961 - Lorem ipsum dolor sit amet","lorem@ipsum696.com.br"
"69755199836622288","6971 - Lorem ipsum dolor sit amet","lorem@ipsum697.com.br"
"69855199836622288","6981 - Lorem ipsum dolor sit amet","lorem@ipsum698.com.br"
"69955199836622288","6991 - Lorem ipsum dolor sit amet","lorem@ipsum699.com.br"
"70055199836622288","7001 - Lorem ipsum dolor sit amet","lorem@ipsum700.com.br"
"70155199836622288","7011 - Lorem ipsum dolor sit amet","lorem@ipsum701.com.br"
"70255199836622288","7021 - Lorem ipsum dolor sit amet","lorem@ipsum702.com.br"
"70355199836622288","7031 - Lorem ipsum dolor sit amet","lorem@ipsum703.com.br"
"70455199836622288","7041 - Lorem ipsum dolor sit amet","lorem@ipsum704.com.br"
"70555199836622288","7051 - Lorem ipsum dolor sit amet","lorem@ipsum705.com.br"
"70655199836622288","7061 - Lorem ipsum dolor sit amet","lorem@ipsum706.com.br"
"70755199836622288","7071 - Lorem ipsum dolor sit amet","lorem@ipsum707.com.br"
"70855199836622288","7081 - Lorem ipsum dolor sit amet","lorem@ipsum708.com.br"
"70955199836622288","7091 - Lorem ipsum dolor sit amet","lorem@ipsum709.com.br"
"71055199836622288","7101 - Lorem ipsum dolor sit amet","lorem@ipsum710.com.br"
"71155199836622288","7111 - Lorem ipsum dolor sit amet","lorem@ipsum711.com.br"
"71255199836622288","7121 - Lorem ipsum dolor sit amet","lorem@ipsum712.com.br"
"71355199836622288","7131 - Lorem ipsum dolor sit amet","lorem@ipsum713.com.br"
"71455199836622288","7141 - Lorem ipsum dolor sit amet","lorem@ipsum714.com.br"
"71555199836622288","7151 - Lorem ipsum dolor sit amet","lorem@ipsum715.com.br"
"71655199836622288","7161 - Lorem ipsum dolor sit amet","lorem@ipsum716.com.br"
"71755199836622288","7171 - Lorem ipsum dolor sit amet","lorem@ipsum717.com.br"
"71855199836622288","7181 - Lorem ipsum dolor sit amet","lorem@ipsum718.com.br"
"71955199836622288","7191 - Lorem ipsum dolor sit amet","lorem@ipsum719.com.br"
"72055199836622288","7201 - Lorem ipsum dolor sit amet","lorem@ipsum720.com.br"
"72155199836622288","7211 - Lorem ipsum dolor sit amet","lorem@ipsum721.com.br"
"72255199836622288","7221 - Lorem ipsum dolor sit amet","lorem@ipsum722.com.br"
"72355199836622288","7231 - Lorem ipsum dolor sit amet","lorem@ipsum723.com.br"
"72455199836622288","7241 - Lorem ipsum dolor sit amet","lorem@ipsum724.com.br"
"72555199836622288","7251 - Lorem ipsum dolor sit amet","lorem@ipsum725.com.br"
"72655199836622288","7261 - Lorem ipsum dolor sit amet","lorem@ipsum726.com.br"
"72755199836622288","7271 - Lorem ipsum dolor sit amet","lorem@ipsum727.com.br"
"72855199836622288","7281 - Lorem ipsum dolor sit amet","lorem@ipsum728.com.br"
"72955199836622288","7291 - Lorem ipsum dolor sit amet","lorem@ipsum729.com.br"
"73055199836622288","7301 - Lorem ipsum dolor sit amet","lorem@ipsum730.com.br"
"73155199836622288","7311 - Lorem ipsum dolor sit amet","lorem@ipsum731.com.br"
"73255199836622288","7321 - Lorem ipsum dolor sit amet","lorem@ipsum732.com.br"
"73355199836622288","7331 - Lorem ipsum dolor sit amet","lorem@ipsum733.com.br"
"73455199836622288","7341 - Lorem ipsum dolor sit amet","lorem@ipsum734.com.br"
"73555199836622288","7351 - Lorem ipsum dolor sit amet","lorem@ipsum735.com.br"
"73655199836622288","7361 - Lorem ipsum dolor sit amet","lorem@ipsum736.com.br"
"73755199836622288","7371 - Lorem ipsum dolor sit amet","lorem@ipsum737.com.br"
"73855199836622288","7381 - Lorem ipsum dolor sit amet","lorem@ipsum738.com.br"
"73955199836622288","7391 - Lorem ipsum dolor sit amet","lorem@ipsum739.com.br"
"74055199836622288","7401 - Lorem ipsum dolor sit amet","lorem@ipsum740.com.br"
"74155199836622288","7411 - Lorem ipsum dolor sit amet","lorem@ipsum741.com.br"
"74255199836622288","7421 - Lorem ipsum dolor sit amet","lorem@ipsum742.com.br"
"74355199836622288","7431 - Lorem ipsum dolor sit amet","lorem@ipsum743.com.br"
"74455199836622288","7441 - Lorem ipsum dolor sit amet","lorem@ipsum744.com.br"
"74555199836622288","7451 - Lorem ipsum dolor sit amet","lorem@ipsum745.com.br"
"74655199836622288","7461 - Lorem ipsum dolor sit amet","lorem@ipsum746.com.br"
"74755199836622288","7471 - Lorem ipsum dolor sit amet","lorem@ipsum747.com.br"
"74855199836622288","7481 - Lorem ipsum dolor sit amet","lorem@ipsum748.com.br"
"74955199836622288","7491 - Lorem ipsum dolor sit amet","lorem@ipsum749.com.br"
"75055199836622288","7501 - Lorem ipsum dolor sit amet","lorem@ipsum750.com.br"
"75155199836622288","7511 - Lorem ipsum dolor sit amet","lorem@ipsum751.com.br"
"75255199836622288","7521 - Lorem ipsum dolor sit amet","lorem@ipsum752.com.br"
"75355199836622288","7531 - Lorem ipsum dolor sit amet","lorem@ipsum753.com.br"
"75455199836622288","7541 - Lorem ipsum dolor sit amet","lorem@ipsum754.com.br"
"75555199836622288","7551 - Lorem ipsum dolor sit amet","lorem@ipsum755.com.br"
"75655199836622288","7561 - Lorem ipsum dolor sit amet","lorem@ipsum756.com.br"
"75755199836622288","7571 - Lorem ipsum dolor sit amet","lorem@ipsum757.com.br"
"75855199836622288","7581 - Lorem ipsum dolor sit amet","lorem@ipsum758.com.br"
"75955199836622288","7591 - Lorem ipsum dolor sit amet","lorem@ipsum759.com.br"
"76055199836622288","7601 - Lorem ipsum dolor sit amet","lorem@ipsum760.com.br"
"76155199836622288","7611 - Lorem ipsum dolor sit amet","lorem@ipsum761.com.br"
"76255199836622288","7621 - Lorem ipsum dolor sit amet","lorem@ipsum762.com.br"
"76355199836622288","7631 - Lorem ipsum dolor sit amet","lorem@ipsum763.com.br"
"76455199836622288","7641 - Lorem ipsum dolor sit amet","lorem@ipsum764.com.br"
"76555199836622288","7651 - Lorem ipsum dolor sit amet","lorem@ipsum765.com.br"
"76655199836622288","7661 - Lorem ipsum dolor sit amet","lorem@ipsum766.com.br"
"76755199836622288","7671 - Lorem ipsum dolor sit amet","lorem@ipsum767.com.br"
"76855199836622288","7681 - Lorem ipsum dolor sit amet","lorem@ipsum768.com.br"
"76955199836622288","7691 - Lorem ipsum dolor sit amet","lorem@ipsum769.com.br"
"77055199836622288","7701 - Lorem ipsum dolor sit amet","lorem@ipsum770.com.br"
"77155199836622288","7711 - Lorem ipsum dolor sit amet","lorem@ipsum771.com.br"
"77255199836622288","7721 - Lorem ipsum dolor sit amet","lorem@ipsum772.com.br"
"77355199836622288","7731 - Lorem ipsum dolor sit amet","lorem@ipsum773.com.br"
"77455199836622288","7741 - Lorem ipsum dolor sit amet","lorem@ipsum774.com.br"
"77555199836622288","7751 - Lorem ipsum dolor sit amet","lorem@ipsum775.com.br"
"77655199836622288","7761 - Lorem ipsum dolor sit amet","lorem@ipsum776.com.br"
"77755199836622288","7771 - Lorem ipsum dolor sit amet","lorem@ipsum777.com.br"
"77855199836622288","7781 - Lorem ipsum dolor sit amet","lorem@ipsum778.com.br"
"77955199836622288","7791 - Lorem ipsum dolor sit amet","lorem@ipsum779.com.br"
"78055199836622288","7801 - Lorem ipsum dolor sit amet","lorem@ipsum780.com.br"
"78155199836622288","7811 - Lorem ipsum dolor sit amet","lorem@ipsum781.com.br"
"78255199836622288","7821 - Lorem ipsum dolor sit amet","lorem@ipsum782.com.br"
"78355199836622288","7831 - Lorem ipsum dolor sit amet","lorem@ipsum783.com.br"
"78455199836622288","7841 - Lorem ipsum dolor sit amet","lorem@ipsum784.com.br"
"78555199836622288","7851 - Lorem ipsum dolor sit amet","lorem@ipsum785.com.br"
"78655199836622288","7861 - Lorem ipsum dolor sit amet","lorem@ipsum786.com.br"
"78755199836622288","7871 - Lorem ipsum dolor sit amet","lorem@ipsum787.com.br"
"78855199836622288","7881 - Lorem ipsum dolor sit amet","lorem@ipsum788.com.br"
"78955199836622288","7891 - Lorem ipsum dolor sit amet","lorem@ipsum789.com.br"
"79055199836622288","7901 - Lorem ipsum dolor sit amet","lorem@ipsum790.com.br"
"79155199836622288","7911 - Lorem ipsum dolor sit amet","lorem@ipsum791.com.br"
"79255199836622288","7921 - Lorem ipsum dolor sit amet","lorem@ipsum792.com.br"
"79355199836622288","7931 - Lorem ipsum dolor sit amet","lorem@ipsum793.com.br"
"79455199836622288","7941 - Lorem ipsum dolor sit amet","lorem@ipsum794.com.br"
"79555199836622288","7951 - Lorem ipsum dolor sit amet","lorem@ipsum795.com.br"
"79655199836622288","7961 - Lorem ipsum dolor sit amet","lorem@ipsum796.com.br"
"79755199836622288","7971 - Lorem ipsum dolor sit amet","lorem@ipsum797.com.br"
"79855199836622288","7981 - Lorem ipsum dolor sit amet","lorem@ipsum798.com.br"
"79955199836622288","7991 - Lorem ipsum dolor sit amet","lorem@ipsum799.com.br"
"80055199836622288","8001 - Lorem ipsum dolor sit amet","lorem@ipsum800.com.br"
"80155199836622288","8011 - Lorem ipsum dolor sit amet","lorem@ipsum801.com.br"
"80255199836622288","8021 - Lorem ipsum dolor sit amet","lorem@ipsum802.com.br"
"80355199836622288","8031 - Lorem ipsum dolor sit amet","lorem@ipsum803.com.br"
"80455199836622288","8041 - Lorem ipsum dolor sit amet","lorem@ipsum804.com.br"
"80555199836622288","8051 - Lorem ipsum dolor sit amet","lorem@ipsum805.com.br"
"80655199836622288","8061 - Lorem ipsum dolor sit amet","lorem@ipsum806.com.br"
"80755199836622288","8071 - Lorem ipsum dolor sit amet","lorem@ipsum807.com.br"
"80855199836622288","8081 - Lorem ipsum dolor sit amet","lorem@ipsum808.com.br"
"80955199836622288","8091 - Lorem ipsum dolor sit amet","lorem@ipsum809.com.br"
"81055199836622288","8101 - Lorem ipsum dolor sit amet","lorem@ipsum810.com.br"
"81155199836622288","8111 - Lorem ipsum dolor sit amet","lorem@ipsum811.com.br"
"81255199836622288","8121 - Lorem ipsum dolor sit amet","lorem@ipsum812.com.br"
"81355199836622288","8131 - Lorem ipsum dolor sit amet","lorem@ipsum813.com.br"
"81455199836622288","8141 - Lorem ipsum dolor sit amet","lorem@ipsum814.com.br"
"81555199836622288","8151 - Lorem ipsum dolor sit amet","lorem@ipsum815.com.br"
"81655199836622288","8161 - Lorem ipsum dolor sit amet","lorem@ipsum816.com.br"
"81755199836622288","8171 - Lorem ipsum dolor sit amet","lorem@ipsum817.com.br"
"81855199836622288","8181 - Lorem ipsum dolor sit amet","lorem@ipsum818.com.br"
"81955199836622288","8191 - Lorem ipsum dolor sit amet","lorem@ipsum819.com.br"
"82055199836622288","8201 - Lorem ipsum dolor sit amet","lorem@ipsum820.com.br"
"82155199836622288","8211 - Lorem ipsum dolor sit amet","lorem@ipsum821.com.br"
"82255199836622288","8221 - Lorem ipsum dolor sit amet","lorem@ipsum822.com.br"
"82355199836622288","8231 - Lorem ipsum dolor sit amet","lorem@ipsum823.com.br"
"82455199836622288","8241 - Lorem ipsum dolor sit amet","lorem@ipsum824.com.br"
"82555199836622288","8251 - Lorem ipsum dolor sit amet","lorem@ipsum825.com.br"
"82655199836622288","8261 - Lorem ipsum dolor sit amet","lorem@ipsum826.com.br"
"82755199836622288","8271 - Lorem ipsum dolor sit amet","lorem@ipsum827.com.br"
"82855199836622288","8281 - Lorem ipsum dolor sit amet","lorem@ipsum828.com.br"
"82955199836622288","8291 - Lorem ipsum dolor sit amet","lorem@ipsum829.com.br"
"83055199836622288","8301 - Lorem ipsum dolor sit amet","lorem@ipsum830.com.br"
"83155199836622288","8311 - Lorem ipsum dolor sit amet","lorem@ipsum831.com.br"
"83255199836622288","8321 - Lorem ipsum dolor sit amet","lorem@ipsum832.com.br"
"83355199836622288","8331 - Lorem ipsum dolor sit amet","lorem@ipsum833.com.br"
"83455199836622288","8341 - Lorem ipsum dolor sit amet","lorem@ipsum834.com.br"
"83555199836622288","8351 - Lorem ipsum dolor sit amet","lorem@ipsum835.com.br"
"83655199836622288","8361 - Lorem ipsum dolor sit amet","lorem@ipsum836.com.br"
"83755199836622288","8371 - Lorem ipsum dolor sit amet","lorem@ipsum837.com.br"
"83855199836622288","8381 - Lorem ipsum dolor sit amet","lorem@ipsum838.com.br"
"83955199836622288","8391 - Lorem ipsum dolor sit amet","lorem@ipsum839.com.br"
"84055199836622288","8401 - Lorem ipsum dolor sit amet","lorem@ipsum840.com.br"
"84155199836622288","8411 - Lorem ipsum dolor sit amet","lorem@ipsum841.com.br"
"84255199836622288","8421 - Lorem ipsum dolor sit amet","lorem@ipsum842.com.br"
"84355199836622288","8431 - Lorem ipsum dolor sit amet","lorem@ipsum843.com.br"
"84455199836622288","8441 - Lorem ipsum dolor sit amet","lorem@ipsum844.com.br"
"84555199836622288","8451 - Lorem ipsum dolor sit amet","lorem@ipsum845.com.br"
"84655199836622288","8461 - Lorem ipsum dolor sit amet","lorem@ipsum846.com.br"
"84755199836622288","8471 - Lorem ipsum dolor sit amet","lorem@ipsum847.com.br"
"84855199836622288","8481 - Lorem ipsum dolor sit amet","lorem@ipsum848.com.br"
"84955199836622288","8491 - Lorem ipsum dolor sit amet","lorem@ipsum849.com.br"
"85055199836622288","8501 - Lorem ipsum dolor sit amet","lorem@ipsum850.com.br"
"85155199836622288","8511 - Lorem ipsum dolor sit amet","lorem@ipsum851.com.br"
"85255199836622288","8521 - Lorem ipsum dolor sit amet","lorem@ipsum852.com.br"
"85355199836622288","8531 - Lorem ipsum dolor sit amet","lorem@ipsum853.com.br"
"85455199836622288","8541 - Lorem ipsum dolor sit amet","lorem@ipsum854.com.br"
"85555199836622288","8551 - Lorem ipsum dolor sit amet","lorem@ipsum855.com.br"
"85655199836622288","8561 - Lorem ipsum dolor sit amet","lorem@ipsum856.com.br"
"85755199836622288","8571 - Lorem ipsum dolor sit amet","lorem@ipsum857.com.br"
"85855199836622288","8581 - Lorem ipsum dolor sit amet","lorem@ipsum858.com.br"
"85955199836622288","8591 - Lorem ipsum dolor sit amet","lorem@ipsum859.com.br"
"86055199836622288","8601 - Lorem ipsum dolor sit amet","lorem@ipsum860.com.br"
"86155199836622288","8611 - Lorem ipsum dolor sit amet","lorem@ipsum861.com.br"
"86255199836622288","8621 - Lorem ipsum dolor sit amet","lorem@ipsum862.com.br"
"86355199836622288","8631 - Lorem ipsum dolor sit amet","lorem@ipsum863.com.br"
"86455199836622288","8641 - Lorem ipsum dolor sit amet","lorem@ipsum864.com.br"
"86555199836622288","8651 - Lorem ipsum dolor sit amet","lorem@ipsum865.com.br"
"86655199836622288","8661 - Lorem ipsum dolor sit amet","lorem@ipsum866.com.br"
"86755199836622288","8671 - Lorem ipsum dolor sit amet","lorem@ipsum867.com.br"
"86855199836622288","8681 - Lorem ipsum dolor sit amet","lorem@ipsum868.com.br"
"86955199836622288","8691 - Lorem ipsum dolor sit amet","lorem@ipsum869.com.br"
"87055199836622288","8701 - Lorem ipsum dolor sit amet","lorem@ipsum870.com.br"
"87155199836622288","8711 - Lorem ipsum dolor sit amet","lorem@ipsum871.com.br"
"87255199836622288","8721 - Lorem ipsum dolor sit amet","lorem@ipsum872.com.br"
"87355199836622288","8731 - Lorem ipsum dolor sit amet","lorem@ipsum873.com.br"
"87455199836622288","8741 - Lorem ipsum dolor sit amet","lorem@ipsum874.com.br"
"87555199836622288","8751 - Lorem ipsum dolor sit amet","lorem@ipsum875.com.br"
"87655199836622288","8761 - Lorem ipsum dolor sit amet","lorem@ipsum876.com.br"
"87755199836622288","8771 - Lorem ipsum dolor sit amet","lorem@ipsum877.com.br"
"87855199836622288","8781 - Lorem ipsum dolor sit amet","lorem@ipsum878.com.br"
"87955199836622288","8791 - Lorem ipsum dolor sit amet","lorem@ipsum879.com.br"
"88055199836622288","8801 - Lorem ipsum dolor sit amet","lorem@ipsum880.com.br"
"88155199836622288","8811 - Lorem ipsum dolor sit amet","lorem@ipsum881.com.br"
"88255199836622288","8821 - Lorem ipsum dolor sit amet","lorem@ipsum882.com.br"
"88355199836622288","8831 - Lorem ipsum dolor sit amet","lorem@ipsum883.com.br"
"88455199836622288","8841 - Lorem ipsum dolor sit amet","lorem@ipsum884.com.br"
"88555199836622288","8851 - Lorem ipsum dolor sit amet","lorem@ipsum885.com.br"
"88655199836622288","8861 - Lorem ipsum dolor sit amet","lorem@ipsum886.com.br"
"88755199836622288","8871 - Lorem ipsum dolor sit amet","lorem@ipsum887.com.br"
"88855199836622288","8881 - Lorem ipsum dolor sit amet","lorem@ipsum888.com.br"
"88955199836622288","8891 - Lorem ipsum dolor sit amet","lorem@ipsum889.com.br"
"89055199836622288","8901 - Lorem ipsum dolor sit amet","lorem@ipsum890.com.br"
"89155199836622288","8911 - Lorem ipsum dolor sit amet","lorem@ipsum891.com.br"
"89255199836622288","8921 - Lorem ipsum dolor sit amet","lorem@ipsum892.com.br"
"89355199836622288","8931 - Lorem ipsum dolor sit amet","lorem@ipsum893.com.br"
"89455199836622288","8941 - Lorem ipsum dolor sit amet","lorem@ipsum894.com.br"
"89555199836622288","8951 - Lorem ipsum dolor sit amet","lorem@ipsum895.com.br"
"89655199836622288","8961 - Lorem ipsum dolor sit amet","lorem@ipsum896.com.br"
"89755199836622288","8971 - Lorem ipsum dolor sit amet","lorem@ipsum897.com.br"
"89855199836622288","8981 - Lorem ipsum dolor sit amet","lorem@ipsum898.com.br"
"89955199836622288","8991 - Lorem ipsum dolor sit amet","lorem@ipsum899.com.br"
"90055199836622288","9001 - Lorem ipsum dolor sit amet","lorem@ipsum900.com.br"
"90155199836622288","9011 - Lorem ipsum dolor sit amet","lorem@ipsum901.com.br"
"90255199836622288","9021 - Lorem ipsum dolor sit amet","lorem@ipsum902.com.br"
"90355199836622288","9031 - Lorem ipsum dolor sit amet","lorem@ipsum903.com.br"
"90455199836622288","9041 - Lorem ipsum dolor sit amet","lorem@ipsum904.com.br"
"90555199836622288","9051 - Lorem ipsum dolor sit amet","lorem@ipsum905.com.br"
"90655199836622288","9061 - Lorem ipsum dolor sit amet","lorem@ipsum906.com.br"
"90755199836622288","9071 - Lorem ipsum dolor sit amet","lorem@ipsum907.com.br"
"90855199836622288","9081 - Lorem ipsum dolor sit amet","lorem@ipsum908.com.br"
"90955199836622288","9091 - Lorem ipsum dolor sit amet","lorem@ipsum909.com.br"
"91055199836622288","9101 - Lorem ipsum dolor sit amet","lorem@ipsum910.com.br"
"91155199836622288","9111 - Lorem ipsum dolor sit amet","lorem@ipsum911.com.br"
"91255199836622288","9121 - Lorem ipsum dolor sit amet","lorem@ipsum912.com.br"
"91355199836622288","9131 - Lorem ipsum dolor sit amet","lorem@ipsum913.com.br"
"91455199836622288","9141 - Lorem ipsum dolor sit amet","lorem@ipsum914.com.br"
"91555199836622288","9151 - Lorem ipsum dolor sit amet","lorem@ipsum915.com.br"
"91655199836622288","9161 - Lorem ipsum dolor sit amet","lorem@ipsum916.com.br"
"91755199836622288","9171 - Lorem ipsum dolor sit amet","lorem@ipsum917.com.br"
"91855199836622288","9181 - Lorem ipsum dolor sit amet","lorem@ipsum918.com.br"
"91955199836622288","9191 - Lorem ipsum dolor sit amet","lorem@ipsum919.com.br"
"92055199836622288","9201 - Lorem ipsum dolor sit amet","lorem@ipsum920.com.br"
"92155199836622288","9211 - Lorem ipsum dolor sit amet","lorem@ipsum921.com.br"
"92255199836622288","9221 - Lorem ipsum dolor sit amet","lorem@ipsum922.com.br"
"92355199836622288","9231 - Lorem ipsum dolor sit amet","lorem@ipsum923.com.br"
"92455199836622288","9241 - Lorem ipsum dolor sit amet","lorem@ipsum924.com.br"
"92555199836622288","9251 - Lorem ipsum dolor sit amet","lorem@ipsum925.com.br"
"92655199836622288","9261 - Lorem ipsum dolor sit amet","lorem@ipsum926.com.br"
"92755199836622288","9271 - Lorem ipsum dolor sit amet","lorem@ipsum927.com.br"
"92855199836622288","9281 - Lorem ipsum dolor sit amet","lorem@ipsum928.com.br"
"92955199836622288","9291 - Lorem ipsum dolor sit amet","lorem@ipsum929.com.br"
"93055199836622288","9301 - Lorem ipsum dolor sit amet","lorem@ipsum930.com.br"
"93155199836622288","9311 - Lorem ipsum dolor sit amet","lorem@ipsum931.com.br"
"93255199836622288","9321 - Lorem ipsum dolor sit amet","lorem@ipsum932.com.br"
"93355199836622288","9331 - Lorem ipsum dolor sit amet","lorem@ipsum933.com.br"
"93455199836622288","9341 - Lorem ipsum dolor sit amet","lorem@ipsum934.com.br"
"93555199836622288","9351 - Lorem ipsum dolor sit amet","lorem@ipsum935.com.br"
"93655199836622288","9361 - Lorem ipsum dolor sit amet","lorem@ipsum936.com.br"
"93755199836622288","9371 - Lorem ipsum dolor sit amet","lorem@ipsum937.com.br"
"93855199836622288","9381 - Lorem ipsum dolor sit amet","lorem@ipsum938.com.br"
"93955199836622288","9391 - Lorem ipsum dolor sit amet","lorem@ipsum939.com.br"
"94055199836622288","9401 - Lorem ipsum dolor sit amet","lorem@ipsum940.com.br"
"94155199836622288","9411 - Lorem ipsum dolor sit amet","lorem@ipsum941.com.br"
"94255199836622288","9421 - Lorem ipsum dolor sit amet","lorem@ipsum942.com.br"
"94355199836622288","9431 - Lorem ipsum dolor sit amet","lorem@ipsum943.com.br"
"94455199836622288","9441 - Lorem ipsum dolor sit amet","lorem@ipsum944.com.br"
"94555199836622288","9451 - Lorem ipsum dolor sit amet","lorem@ipsum945.com.br"
"94655199836622288","9461 - Lorem ipsum dolor sit amet","lorem@ipsum946.com.br"
"94755199836622288","9471 - Lorem ipsum dolor sit amet","lorem@ipsum947.com.br"
"94855199836622288","9481 - Lorem ipsum dolor sit amet","lorem@ipsum948.com.br"
"94955199836622288","9491 - Lorem ipsum dolor sit amet","lorem@ipsum949.com.br"
"95055199836622288","9501 - Lorem ipsum dolor sit amet","lorem@ipsum950.com.br"
"95155199836622288","9511 - Lorem ipsum dolor sit amet","lorem@ipsum951.com.br"
"95255199836622288","9521 - Lorem ipsum dolor sit amet","lorem@ipsum952.com.br"
"95355199836622288","9531 - Lorem ipsum dolor sit amet","lorem@ipsum953.com.br"
"95455199836622288","9541 - Lorem ipsum dolor sit amet","lorem@ipsum954.com.br"
"95555199836622288","9551 - Lorem ipsum dolor sit amet","lorem@ipsum955.com.br"
"95655199836622288","9561 - Lorem ipsum dolor sit amet","lorem@ipsum956.com.br"
"95755199836622288","9571 - Lorem ipsum dolor sit amet","lorem@ipsum957.com.br"
"95855199836622288","9581 - Lorem ipsum dolor sit amet","lorem@ipsum958.com.br"
"95955199836622288","9591 - Lorem ipsum dolor sit amet","lorem@ipsum959.com.br"
"96055199836622288","9601 - Lorem ipsum dolor sit amet","lorem@ipsum960.com.br"
"96155199836622288","9611 - Lorem ipsum dolor sit amet","lorem@ipsum961.com.br"
"96255199836622288","9621 - Lorem ipsum dolor sit amet","lorem@ipsum962.com.br"
"96355199836622288","9631 - Lorem ipsum dolor sit amet","lorem@ipsum963.com.br"
"96455199836622288","9641 - Lorem ipsum dolor sit amet","lorem@ipsum964.com.br"
"96555199836622288","9651 - Lorem ipsum dolor sit amet","lorem@ipsum965.com.br"
"96655199836622288","9661 - Lorem ipsum dolor sit amet","lorem@ipsum966.com.br"
"96755199836622288","9671 - Lorem ipsum dolor sit amet","lorem@ipsum967.com.br"
"96855199836622288","9681 - Lorem ipsum dolor sit amet","lorem@ipsum968.com.br"
"96955199836622288","9691 - Lorem ipsum dolor sit amet","lorem@ipsum969.com.br"
"97055199836622288","9701 - Lorem ipsum dolor sit amet","lorem@ipsum970.com.br"
"97155199836622288","9711 - Lorem ipsum dolor sit amet","lorem@ipsum971.com.br"
"97255199836622288","9721 - Lorem ipsum dolor sit amet","lorem@ipsum972.com.br"
"97355199836622288","9731 - Lorem ipsum dolor sit amet","lorem@ipsum973.com.br"
"97455199836622288","9741 - Lorem ipsum dolor sit amet","lorem@ipsum974.com.br"
"97555199836622288","9751 - Lorem ipsum dolor sit amet","lorem@ipsum975.com.br"
"97655199836622288","9761 - Lorem ipsum dolor sit amet","lorem@ipsum976.com.br"
"97755199836622288","9771 - Lorem ipsum dolor sit amet","lorem@ipsum977.com.br"
"97855199836622288","9781 - Lorem ipsum dolor sit amet","lorem@ipsum978.com.br"
"97955199836622288","9791 - Lorem ipsum dolor sit amet","lorem@ipsum979.com.br"
"98055199836622288","9801 - Lorem ipsum dolor sit amet","lorem@ipsum980.com.br"
"98155199836622288","9811 - Lorem ipsum dolor sit amet","lorem@ipsum981.com.br"
"98255199836622288","9821 - Lorem ipsum dolor sit amet","lorem@ipsum982.com.br"
"98355199836622288","9831 - Lorem ipsum dolor sit amet","lorem@ipsum983.com.br"
"98455199836622288","9841 - Lorem ipsum dolor sit amet","lorem@ipsum984.com.br"
"98555199836622288","9851 - Lorem ipsum dolor sit amet","lorem@ipsum985.com.br"
"98655199836622288","9861 - Lorem ipsum dolor sit amet","lorem@ipsum986.com.br"
"98755199836622288","9871 - Lorem ipsum dolor sit amet","lorem@ipsum987.com.br"
"98855199836622288","9881 - Lorem ipsum dolor sit amet","lorem@ipsum988.com.br"
"98955199836622288","9891 - Lorem ipsum dolor sit amet","lorem@ipsum989